,Concentration,Date,lnSSC_predicted,SSC_predicted,ln_Concentration,Value
0,,1984-01-01,,,,1560.0
1,,1984-01-02,,,,1600.0
2,,1984-01-03,,,,1710.0
3,,1984-01-04,,,,3790.0
4,,1984-01-05,,,,4160.0
5,,1984-01-06,,,,2950.0
6,,1984-01-07,,,,2550.0
7,,1984-01-08,,,,2470.0
8,,1984-01-09,,,,2260.0
9,,1984-01-10,,,,2160.0
10,,1984-01-11,,,,2150.0
11,,1984-01-12,,,,2090.0
12,,1984-01-13,,,,2010.0
13,,1984-01-14,,,,1950.0
14,,1984-01-15,,,,1950.0
15,,1984-01-16,,,,1860.0
16,,1984-01-17,,,,1660.0
17,,1984-01-18,,,,1720.0
18,,1984-01-19,,,,1530.0
19,,1984-01-20,,,,1510.0
20,,1984-01-21,,,,1450.0
21,,1984-01-22,,,,1380.0
22,,1984-01-23,,,,1390.0
23,,1984-01-24,,,,1500.0
24,,1984-01-25,,,,2010.0
25,,1984-01-26,,,,1890.0
26,,1984-01-27,,,,1700.0
27,,1984-01-28,,,,2020.0
28,,1984-01-29,,,,2100.0
29,,1984-01-30,,,,1770.0
30,,1984-01-31,,,,1640.0
31,,1984-02-01,,,,1570.0
32,,1984-02-02,,,,1550.0
33,,1984-02-03,,,,1500.0
34,,1984-02-04,,,,1470.0
35,,1984-02-05,,,,1510.0
36,,1984-02-06,,,,1500.0
37,,1984-02-07,,,,1440.0
38,,1984-02-08,,,,1460.0
39,,1984-02-09,,,,1390.0
40,,1984-02-10,,,,1590.0
41,,1984-02-11,,,,1390.0
42,,1984-02-12,,,,1460.0
43,,1984-02-13,,,,1610.0
44,,1984-02-14,,,,1600.0
45,,1984-02-15,,,,1430.0
46,,1984-02-16,,,,1590.0
47,,1984-02-17,,,,1430.0
48,,1984-02-18,,,,1360.0
49,,1984-02-19,,,,1400.0
50,,1984-02-20,,,,1560.0
51,,1984-02-21,,,,1840.0
52,,1984-02-22,,,,1740.0
53,,1984-02-23,,,,1690.0
54,,1984-02-24,,,,1590.0
55,,1984-02-25,,,,1580.0
56,,1984-02-26,,,,1510.0
57,,1984-02-27,,,,1390.0
58,,1984-02-28,,,,1410.0
59,,1984-02-29,,,,1550.0
60,,1984-03-01,,,,1590.0
61,,1984-03-02,,,,1500.0
62,,1984-03-03,,,,1590.0
63,,1984-03-04,,,,1540.0
64,,1984-03-05,,,,1450.0
65,,1984-03-06,,,,1500.0
66,,1984-03-07,,,,1420.0
67,,1984-03-08,,,,1520.0
68,,1984-03-09,,,,1540.0
69,,1984-03-10,,,,1540.0
70,,1984-03-11,,,,1550.0
71,,1984-03-12,,,,1540.0
72,,1984-03-13,,,,1540.0
73,,1984-03-14,,,,1540.0
74,,1984-03-15,,,,1480.0
75,,1984-03-16,,,,1410.0
76,,1984-03-17,,,,1530.0
77,,1984-03-18,,,,1570.0
78,,1984-03-19,,,,1670.0
79,,1984-03-20,,,,1610.0
80,,1984-03-21,,,,1890.0
81,,1984-03-22,,,,1930.0
82,,1984-03-23,,,,2020.0
83,,1984-03-24,,,,2020.0
84,,1984-03-25,,,,2030.0
85,,1984-03-26,,,,2050.0
86,,1984-03-27,,,,2140.0
87,,1984-03-28,,,,2260.0
88,,1984-03-29,,,,2280.0
89,,1984-03-30,,,,2230.0
90,,1984-03-31,,,,2160.0
91,,1984-04-01,,,,2150.0
92,,1984-04-02,,,,2160.0
93,,1984-04-03,,,,2180.0
94,,1984-04-04,,,,2080.0
95,,1984-04-05,,,,2110.0
96,,1984-04-06,,,,2200.0
97,,1984-04-07,,,,2190.0
98,,1984-04-08,,,,2230.0
99,,1984-04-09,,,,2210.0
100,,1984-04-10,,,,2200.0
101,,1984-04-11,,,,2280.0
102,,1984-04-12,,,,2090.0
103,,1984-04-13,,,,2110.0
104,,1984-04-14,,,,2050.0
105,,1984-04-15,,,,2090.0
106,,1984-04-16,,,,2340.0
107,,1984-04-17,,,,2470.0
108,,1984-04-18,,,,2680.0
109,,1984-04-19,,,,2950.0
110,,1984-04-20,,,,3150.0
111,,1984-04-21,,,,3070.0
112,,1984-04-22,,,,3000.0
113,,1984-04-23,,,,3010.0
114,,1984-04-24,,,,3020.0
115,,1984-04-25,,,,2960.0
116,,1984-04-26,,,,2860.0
117,,1984-04-27,,,,2790.0
118,,1984-04-28,,,,2690.0
119,,1984-04-29,,,,2610.0
120,,1984-04-30,,,,2520.0
121,,1984-05-01,,,,2450.0
122,,1984-05-02,,,,2440.0
123,,1984-05-03,,,,2450.0
124,,1984-05-04,,,,2420.0
125,,1984-05-05,,,,2460.0
126,,1984-05-06,,,,2470.0
127,,1984-05-07,,,,2520.0
128,,1984-05-08,,,,2530.0
129,,1984-05-09,,,,2580.0
130,,1984-05-10,,,,2520.0
131,,1984-05-11,,,,2590.0
132,,1984-05-12,,,,2860.0
133,,1984-05-13,,,,2930.0
134,,1984-05-14,,,,3070.0
135,,1984-05-15,,,,3070.0
136,,1984-05-16,,,,3060.0
137,,1984-05-17,,,,3250.0
138,,1984-05-18,,,,3390.0
139,,1984-05-19,,,,3620.0
140,,1984-05-20,,,,3960.0
141,,1984-05-21,,,,3870.0
142,,1984-05-22,,,,3850.0
143,,1984-05-23,,,,4040.0
144,,1984-05-24,,,,4220.0
145,,1984-05-25,,,,4050.0
146,,1984-05-26,,,,3920.0
147,,1984-05-27,,,,3860.0
148,,1984-05-28,,,,3720.0
149,,1984-05-29,,,,3810.0
150,,1984-05-30,,,,4170.0
151,,1984-05-31,,,,4420.0
152,,1984-06-01,,,,4370.0
153,,1984-06-02,,,,4580.0
154,,1984-06-03,,,,4940.0
155,,1984-06-04,,,,5090.0
156,,1984-06-05,,,,5070.0
157,,1984-06-06,,,,4980.0
158,,1984-06-07,,,,5080.0
159,,1984-06-08,,,,5470.0
160,,1984-06-09,,,,5660.0
161,,1984-06-10,,,,5900.0
162,,1984-06-11,,,,6220.0
163,,1984-06-12,,,,6680.0
164,,1984-06-13,,,,7180.0
165,,1984-06-14,,,,7780.0
166,,1984-06-15,,,,8210.0
167,,1984-06-16,,,,8590.0
168,,1984-06-17,,,,8760.0
169,,1984-06-18,,,,8790.0
170,,1984-06-19,,,,8740.0
171,,1984-06-20,,,,8570.0
172,,1984-06-21,,,,8280.0
173,,1984-06-22,,,,8010.0
174,,1984-06-23,,,,7760.0
175,,1984-06-24,,,,7570.0
176,,1984-06-25,,,,7540.0
177,,1984-06-26,,,,7650.0
178,,1984-06-27,,,,7890.0
179,,1984-06-28,,,,8310.0
180,,1984-06-29,,,,8860.0
181,,1984-06-30,,,,9050.0
182,,1984-07-01,,,,9000.0
183,,1984-07-02,,,,9110.0
184,,1984-07-03,,,,9120.0
185,,1984-07-04,,,,9080.0
186,,1984-07-05,,,,8870.0
187,,1984-07-06,,,,8610.0
188,,1984-07-07,,,,8260.0
189,,1984-07-08,,,,8060.0
190,,1984-07-09,,,,8240.0
191,,1984-07-10,,,,8430.0
192,,1984-07-11,,,,8190.0
193,,1984-07-12,,,,7910.0
194,,1984-07-13,,,,7630.0
195,,1984-07-14,,,,7500.0
196,,1984-07-15,,,,7410.0
197,,1984-07-16,,,,7470.0
198,,1984-07-17,,,,7430.0
199,,1984-07-18,,,,7360.0
200,132.0,1984-07-19,3.4384272749999996,59.72552569999998,4.882801922586371,7220.0
201,,1984-07-20,,,,7150.0
202,,1984-07-21,,,,7160.0
203,,1984-07-22,,,,6980.0
204,,1984-07-23,,,,6740.0
205,,1984-07-24,,,,6440.0
206,,1984-07-25,,,,6150.0
207,,1984-07-26,,,,5990.0
208,,1984-07-27,,,,5830.0
209,,1984-07-28,,,,5740.0
210,,1984-07-29,,,,5810.0
211,,1984-07-30,,,,5980.0
212,,1984-07-31,,,,6100.0
213,,1984-08-01,,,,6110.0
214,,1984-08-02,,,,5980.0
215,,1984-08-03,,,,5860.0
216,,1984-08-04,,,,5720.0
217,,1984-08-05,,,,5600.0
218,,1984-08-06,,,,5550.0
219,,1984-08-07,,,,5470.0
220,,1984-08-08,,,,5360.0
221,,1984-08-09,,,,5260.0
222,,1984-08-10,,,,5150.0
223,,1984-08-11,,,,5010.0
224,,1984-08-12,,,,4650.0
225,,1984-08-13,,,,4450.0
226,,1984-08-14,,,,4260.0
227,,1984-08-15,,,,4200.0
228,,1984-08-16,,,,3970.0
229,,1984-08-17,,,,3900.0
230,,1984-08-18,,,,3820.0
231,,1984-08-19,,,,3690.0
232,,1984-08-20,,,,3640.0
233,,1984-08-21,,,,3450.0
234,,1984-08-22,,,,3370.0
235,,1984-08-23,,,,3450.0
236,,1984-08-24,,,,3400.0
237,,1984-08-25,,,,3210.0
238,,1984-08-26,,,,3050.0
239,,1984-08-27,,,,3140.0
240,,1984-08-28,,,,3030.0
241,,1984-08-29,,,,3000.0
242,,1984-08-30,,,,3180.0
243,,1984-08-31,,,,3300.0
244,,1984-09-01,,,,3460.0
245,,1984-09-02,,,,3340.0
246,,1984-09-03,,,,3090.0
247,,1984-09-04,,,,2920.0
248,,1984-09-05,,,,2920.0
249,,1984-09-06,,,,3300.0
250,,1984-09-07,,,,3140.0
251,,1984-09-08,,,,2980.0
252,,1984-09-09,,,,2930.0
253,,1984-09-10,,,,3130.0
254,,1984-09-11,,,,3340.0
255,,1984-09-12,,,,3460.0
256,,1984-09-13,,,,3580.0
257,,1984-09-14,,,,3610.0
258,,1984-09-15,,,,3430.0
259,,1984-09-16,,,,3230.0
260,,1984-09-17,,,,3020.0
261,,1984-09-18,,,,2950.0
262,,1984-09-19,,,,2920.0
263,,1984-09-20,,,,3040.0
264,,1984-09-21,,,,3900.0
265,,1984-09-22,,,,4230.0
266,,1984-09-23,,,,4190.0
267,,1984-09-24,,,,3890.0
268,,1984-09-25,,,,3640.0
269,,1984-09-26,,,,3380.0
270,,1984-09-27,,,,3080.0
271,80.0,1984-09-28,4.443445574999998,140.30440127499983,4.382026634673881,2890.0
272,,1984-09-29,,,,2730.0
273,,1984-09-30,,,,2610.0
274,,1984-10-01,,,,2490.0
275,,1984-10-02,,,,2440.0
276,,1984-10-03,,,,2260.0
277,,1984-10-04,,,,2230.0
278,,1984-10-05,,,,2150.0
279,,1984-10-06,,,,2170.0
280,,1984-10-07,,,,2410.0
281,,1984-10-08,,,,2670.0
282,,1984-10-09,,,,3220.0
283,,1984-10-10,,,,3890.0
284,,1984-10-11,,,,4580.0
285,,1984-10-12,,,,5290.0
286,,1984-10-13,,,,5500.0
287,,1984-10-14,,,,5380.0
288,,1984-10-15,,,,5120.0
289,,1984-10-16,,,,4680.0
290,,1984-10-17,,,,4340.0
291,,1984-10-18,,,,4020.0
292,,1984-10-19,,,,3630.0
293,,1984-10-20,,,,3340.0
294,,1984-10-21,,,,3110.0
295,,1984-10-22,,,,2950.0
296,,1984-10-23,,,,2750.0
297,,1984-10-24,,,,2570.0
298,,1984-10-25,,,,2640.0
299,,1984-10-26,,,,2560.0
300,,1984-10-27,,,,2390.0
301,,1984-10-28,,,,2520.0
302,,1984-10-29,,,,2660.0
303,,1984-10-30,,,,2530.0
304,,1984-10-31,,,,2370.0
305,,1984-11-01,,,,2000.0
306,,1984-11-02,,,,1910.0
307,,1984-11-03,,,,2210.0
308,,1984-11-04,,,,2450.0
309,,1984-11-05,,,,2400.0
310,,1984-11-06,,,,2120.0
311,,1984-11-07,,,,2430.0
312,,1984-11-08,,,,2280.0
313,,1984-11-09,,,,2170.0
314,,1984-11-10,,,,2210.0
315,,1984-11-11,,,,2240.0
316,,1984-11-12,,,,2140.0
317,,1984-11-13,,,,2190.0
318,,1984-11-14,,,,2260.0
319,,1984-11-15,,,,2160.0
320,,1984-11-16,,,,2060.0
321,,1984-11-17,,,,1880.0
322,,1984-11-18,,,,1670.0
323,,1984-11-19,,,,1750.0
324,,1984-11-20,,,,1970.0
325,,1984-11-21,,,,1920.0
326,,1984-11-22,,,,1930.0
327,,1984-11-23,,,,1850.0
328,,1984-11-24,,,,2010.0
329,,1984-11-25,,,,1890.0
330,,1984-11-26,,,,1850.0
331,,1984-11-27,,,,1700.0
332,,1984-11-28,,,,1940.0
333,,1984-11-29,,,,1840.0
334,,1984-11-30,,,,1960.0
335,,1984-12-01,,,,1960.0
336,,1984-12-02,,,,1810.0
337,,1984-12-03,,,,1630.0
338,,1984-12-04,,,,1650.0
339,,1984-12-05,,,,1620.0
340,,1984-12-06,,,,1500.0
341,,1984-12-07,,,,1370.0
342,,1984-12-08,,,,1580.0
343,,1984-12-09,,,,1620.0
344,,1984-12-10,,,,1590.0
345,,1984-12-11,,,,1460.0
346,,1984-12-12,,,,1490.0
347,,1984-12-13,,,,1540.0
348,,1984-12-14,,,,1630.0
349,,1984-12-15,,,,1810.0
350,,1984-12-16,,,,1510.0
351,,1984-12-17,,,,1490.0
352,,1984-12-18,,,,1440.0
353,,1984-12-19,,,,1280.0
354,,1984-12-20,,,,1230.0
355,,1984-12-21,,,,1220.0
356,,1984-12-22,,,,1230.0
357,,1984-12-23,,,,1100.0
358,,1984-12-24,,,,1080.0
359,,1984-12-25,,,,1110.0
360,,1984-12-26,,,,1140.0
361,,1984-12-27,,,,1140.0
362,,1984-12-28,,,,1140.0
363,,1984-12-29,,,,986.0
364,,1984-12-30,,,,924.0
365,,1984-12-31,,,,900.0
366,,1985-01-01,,,,1000.0
367,,1985-01-02,,,,1100.0
368,,1985-01-03,,,,1200.0
369,,1985-01-04,,,,1280.0
370,,1985-01-05,,,,1340.0
371,,1985-01-06,,,,1400.0
372,,1985-01-07,,,,1320.0
373,,1985-01-08,,,,1370.0
374,,1985-01-09,,,,1410.0
375,,1985-01-10,,,,1310.0
376,,1985-01-11,,,,1410.0
377,,1985-01-12,,,,1310.0
378,,1985-01-13,,,,1320.0
379,,1985-01-14,,,,1360.0
380,,1985-01-15,,,,1350.0
381,,1985-01-16,,,,1340.0
382,,1985-01-17,,,,1270.0
383,,1985-01-18,,,,1390.0
384,,1985-01-19,,,,1390.0
385,,1985-01-20,,,,1440.0
386,,1985-01-21,,,,1410.0
387,,1985-01-22,,,,1360.0
388,,1985-01-23,,,,1390.0
389,,1985-01-24,,,,1390.0
390,,1985-01-25,,,,1370.0
391,,1985-01-26,,,,1300.0
392,,1985-01-27,,,,1290.0
393,,1985-01-28,,,,1240.0
394,,1985-01-29,,,,1380.0
395,,1985-01-30,,,,1320.0
396,,1985-01-31,,,,1370.0
397,,1985-02-01,,,,1250.0
398,,1985-02-02,,,,1200.0
399,25.0,1985-02-03,3.330544500000002,62.122446600000174,3.2188758248682006,1240.0
400,,1985-02-04,,,,1160.0
401,,1985-02-05,,,,1230.0
402,,1985-02-06,,,,1050.0
403,,1985-02-07,,,,1220.0
404,,1985-02-08,,,,1210.0
405,,1985-02-09,,,,1190.0
406,,1985-02-10,,,,1150.0
407,,1985-02-11,,,,1200.0
408,,1985-02-12,,,,1210.0
409,,1985-02-13,,,,1210.0
410,,1985-02-14,,,,1180.0
411,,1985-02-15,,,,1050.0
412,,1985-02-16,,,,1130.0
413,,1985-02-17,,,,1110.0
414,,1985-02-18,,,,1050.0
415,,1985-02-19,,,,1050.0
416,,1985-02-20,,,,1060.0
417,,1985-02-21,,,,1070.0
418,,1985-02-22,,,,1180.0
419,,1985-02-23,,,,1140.0
420,,1985-02-24,,,,1430.0
421,,1985-02-25,,,,1330.0
422,,1985-02-26,,,,1320.0
423,,1985-02-27,,,,1250.0
424,,1985-02-28,,,,1180.0
425,,1985-03-01,,,,1280.0
426,,1985-03-02,,,,1230.0
427,,1985-03-03,,,,1210.0
428,,1985-03-04,,,,1220.0
429,,1985-03-05,,,,1160.0
430,,1985-03-06,,,,1130.0
431,100.0,1985-03-07,4.273138349999995,143.9896553749997,4.605170185988092,1100.0
432,,1985-03-08,,,,1090.0
433,,1985-03-09,,,,1180.0
434,,1985-03-10,,,,1060.0
435,,1985-03-11,,,,1100.0
436,,1985-03-12,,,,1280.0
437,,1985-03-13,,,,1320.0
438,,1985-03-14,,,,1220.0
439,,1985-03-15,,,,1140.0
440,12.0,1985-03-16,4.034623425000004,121.91652875000037,2.4849066497880004,1050.0
441,,1985-03-17,,,,1200.0
442,,1985-03-18,,,,1290.0
443,,1985-03-19,,,,1210.0
444,,1985-03-20,,,,1100.0
445,,1985-03-21,,,,1080.0
446,,1985-03-22,,,,1080.0
447,,1985-03-23,,,,1010.0
448,,1985-03-24,,,,1130.0
449,,1985-03-25,,,,1290.0
450,,1985-03-26,,,,1210.0
451,,1985-03-27,,,,1350.0
452,,1985-03-28,,,,1240.0
453,,1985-03-29,,,,1220.0
454,,1985-03-30,,,,1260.0
455,,1985-03-31,,,,1340.0
456,,1985-04-01,,,,1340.0
457,,1985-04-02,,,,1520.0
458,,1985-04-03,,,,1720.0
459,,1985-04-04,,,,1640.0
460,,1985-04-05,,,,1640.0
461,,1985-04-06,,,,1610.0
462,,1985-04-07,,,,1580.0
463,,1985-04-08,,,,1720.0
464,,1985-04-09,,,,1930.0
465,,1985-04-10,,,,2090.0
466,,1985-04-11,,,,2220.0
467,,1985-04-12,,,,2570.0
468,,1985-04-13,,,,2590.0
469,,1985-04-14,,,,2850.0
470,,1985-04-15,,,,3090.0
471,,1985-04-16,,,,3220.0
472,,1985-04-17,,,,3400.0
473,,1985-04-18,,,,3490.0
474,,1985-04-19,,,,3570.0
475,,1985-04-20,,,,3460.0
476,,1985-04-21,,,,3380.0
477,,1985-04-22,,,,3250.0
478,,1985-04-23,,,,3170.0
479,,1985-04-24,,,,3120.0
480,,1985-04-25,,,,2980.0
481,,1985-04-26,,,,2780.0
482,,1985-04-27,,,,3170.0
483,,1985-04-28,,,,3160.0
484,,1985-04-29,,,,2950.0
485,,1985-04-30,,,,2810.0
486,,1985-05-01,,,,2770.0
487,,1985-05-02,,,,2640.0
488,,1985-05-03,,,,2700.0
489,,1985-05-04,,,,2790.0
490,,1985-05-05,,,,3040.0
491,,1985-05-06,,,,3370.0
492,,1985-05-07,,,,3790.0
493,,1985-05-08,,,,3980.0
494,,1985-05-09,,,,3900.0
495,,1985-05-10,,,,3830.0
496,,1985-05-11,,,,3840.0
497,,1985-05-12,,,,3820.0
498,,1985-05-13,,,,3810.0
499,,1985-05-14,,,,3770.0
500,,1985-05-15,,,,3710.0
501,,1985-05-16,,,,3820.0
502,,1985-05-17,,,,4240.0
503,,1985-05-18,,,,4860.0
504,,1985-05-19,,,,5360.0
505,,1985-05-20,,,,5880.0
506,,1985-05-21,,,,6530.0
507,,1985-05-22,,,,7250.0
508,,1985-05-23,,,,7880.0
509,,1985-05-24,,,,8470.0
510,,1985-05-25,,,,9100.0
511,,1985-05-26,,,,9640.0
512,,1985-05-27,,,,10300.0
513,,1985-05-28,,,,10900.0
514,,1985-05-29,,,,11000.0
515,,1985-05-30,,,,10600.0
516,,1985-05-31,,,,10200.0
517,,1985-06-01,,,,9970.0
518,,1985-06-02,,,,9990.0
519,,1985-06-03,,,,10000.0
520,,1985-06-04,,,,10300.0
521,,1985-06-05,,,,10400.0
522,,1985-06-06,,,,10300.0
523,,1985-06-07,,,,10600.0
524,,1985-06-08,,,,10900.0
525,,1985-06-09,,,,10400.0
526,,1985-06-10,,,,9760.0
527,,1985-06-11,,,,9210.0
528,,1985-06-12,,,,8760.0
529,,1985-06-13,,,,8330.0
530,,1985-06-14,,,,7980.0
531,,1985-06-15,,,,7920.0
532,,1985-06-16,,,,7930.0
533,,1985-06-17,,,,7930.0
534,,1985-06-18,,,,8030.0
535,,1985-06-19,,,,8090.0
536,,1985-06-20,,,,7960.0
537,,1985-06-21,,,,7700.0
538,,1985-06-22,,,,7620.0
539,,1985-06-23,,,,7730.0
540,,1985-06-24,,,,7790.0
541,,1985-06-25,,,,7530.0
542,,1985-06-26,,,,7190.0
543,,1985-06-27,,,,6840.0
544,,1985-06-28,,,,6540.0
545,,1985-06-29,,,,6250.0
546,,1985-06-30,,,,6080.0
547,,1985-07-01,,,,6020.0
548,,1985-07-02,,,,6030.0
549,,1985-07-03,,,,6190.0
550,,1985-07-04,,,,6520.0
551,,1985-07-05,,,,6550.0
552,,1985-07-06,,,,6390.0
553,,1985-07-07,,,,6220.0
554,,1985-07-08,,,,6180.0
555,,1985-07-09,,,,6190.0
556,,1985-07-10,,,,6070.0
557,,1985-07-11,,,,5890.0
558,,1985-07-12,,,,5710.0
559,,1985-07-13,,,,5650.0
560,,1985-07-14,,,,5610.0
561,,1985-07-15,,,,5550.0
562,,1985-07-16,,,,5420.0
563,,1985-07-17,,,,5220.0
564,,1985-07-18,,,,4940.0
565,,1985-07-19,,,,4730.0
566,,1985-07-20,,,,4580.0
567,,1985-07-21,,,,4500.0
568,,1985-07-22,,,,4450.0
569,,1985-07-23,,,,4430.0
570,,1985-07-24,,,,4430.0
571,,1985-07-25,,,,4420.0
572,,1985-07-26,,,,4400.0
573,,1985-07-27,,,,4330.0
574,,1985-07-28,,,,4280.0
575,,1985-07-29,,,,4140.0
576,,1985-07-30,,,,4000.0
577,,1985-07-31,,,,3880.0
578,,1985-08-01,,,,3760.0
579,,1985-08-02,,,,3700.0
580,,1985-08-03,,,,3600.0
581,,1985-08-04,,,,3680.0
582,,1985-08-05,,,,3700.0
583,,1985-08-06,,,,3730.0
584,,1985-08-07,,,,3730.0
585,,1985-08-08,,,,3770.0
586,,1985-08-09,,,,3660.0
587,,1985-08-10,,,,3630.0
588,,1985-08-11,,,,3450.0
589,,1985-08-12,,,,3320.0
590,,1985-08-13,,,,3370.0
591,55.0,1985-08-14,3.232894200000002,51.72432727500019,4.007333185232471,3380.0
592,,1985-08-15,,,,3190.0
593,,1985-08-16,,,,3140.0
594,,1985-08-17,,,,3050.0
595,,1985-08-18,,,,3000.0
596,,1985-08-19,,,,2950.0
597,,1985-08-20,,,,2920.0
598,,1985-08-21,,,,2890.0
599,,1985-08-22,,,,2710.0
600,33.0,1985-08-23,2.609965574999995,-12.451345550000326,3.4965075614664802,2720.0
601,,1985-08-24,,,,2720.0
602,,1985-08-25,,,,2650.0
603,,1985-08-26,,,,2580.0
604,,1985-08-27,,,,2550.0
605,,1985-08-28,,,,2550.0
606,,1985-08-29,,,,2450.0
607,,1985-08-30,,,,2440.0
608,,1985-08-31,,,,2430.0
609,,1985-09-01,,,,2280.0
610,,1985-09-02,,,,2250.0
611,,1985-09-03,,,,2210.0
612,,1985-09-04,,,,2190.0
613,,1985-09-05,,,,2160.0
614,,1985-09-06,,,,2400.0
615,,1985-09-07,,,,2320.0
616,,1985-09-08,,,,2210.0
617,,1985-09-09,,,,2290.0
618,,1985-09-10,,,,2330.0
619,,1985-09-11,,,,2310.0
620,,1985-09-12,,,,2200.0
621,,1985-09-13,,,,2060.0
622,,1985-09-14,,,,2060.0
623,,1985-09-15,,,,2010.0
624,,1985-09-16,,,,1820.0
625,,1985-09-17,,,,2220.0
626,,1985-09-18,,,,2260.0
627,,1985-09-19,,,,2480.0
628,,1985-09-20,,,,2660.0
629,,1985-09-21,,,,2630.0
630,,1985-09-22,,,,2420.0
631,,1985-09-23,,,,2270.0
632,46.0,1985-09-24,3.9848499375,102.62333229999999,3.828641396489095,2480.0
633,,1985-09-25,,,,2620.0
634,,1985-09-26,,,,2510.0
635,,1985-09-27,,,,2210.0
636,,1985-09-28,,,,2220.0
637,,1985-09-29,,,,2120.0
638,,1985-09-30,,,,2090.0
639,,1985-10-01,,,,2060.0
640,,1985-10-02,,,,1940.0
641,,1985-10-03,,,,1920.0
642,,1985-10-04,,,,1900.0
643,,1985-10-05,,,,1790.0
644,,1985-10-06,,,,1750.0
645,,1985-10-07,,,,1700.0
646,,1985-10-08,,,,1660.0
647,,1985-10-09,,,,1620.0
648,,1985-10-10,,,,1590.0
649,,1985-10-11,,,,1560.0
650,,1985-10-12,,,,1620.0
651,,1985-10-13,,,,1640.0
652,,1985-10-14,,,,1800.0
653,,1985-10-15,,,,2270.0
654,,1985-10-16,,,,2590.0
655,,1985-10-17,,,,2690.0
656,,1985-10-18,,,,2920.0
657,,1985-10-19,,,,3230.0
658,,1985-10-20,,,,3470.0
659,,1985-10-21,,,,3140.0
660,,1985-10-22,,,,3050.0
661,,1985-10-23,,,,3070.0
662,,1985-10-24,,,,3070.0
663,,1985-10-25,,,,3260.0
664,,1985-10-26,,,,3030.0
665,,1985-10-27,,,,3430.0
666,,1985-10-28,,,,3520.0
667,,1985-10-29,,,,3040.0
668,,1985-10-30,,,,2750.0
669,,1985-10-31,,,,2640.0
670,,1985-11-01,,,,2570.0
671,,1985-11-02,,,,3400.0
672,,1985-11-03,,,,3260.0
673,,1985-11-04,,,,3030.0
674,,1985-11-05,,,,2820.0
675,,1985-11-06,,,,2620.0
676,,1985-11-07,,,,2540.0
677,,1985-11-08,,,,2460.0
678,,1985-11-09,,,,2360.0
679,,1985-11-10,,,,2230.0
680,2.0,1985-11-11,2.553769049999998,-6.834146050000044,0.6931471805599453,2060.0
681,,1985-11-12,,,,1990.0
682,,1985-11-13,,,,1820.0
683,,1985-11-14,,,,1700.0
684,,1985-11-15,,,,1620.0
685,,1985-11-16,,,,1730.0
686,,1985-11-17,,,,1720.0
687,,1985-11-18,,,,1520.0
688,,1985-11-19,,,,1510.0
689,,1985-11-20,,,,1320.0
690,,1985-11-21,,,,1200.0
691,,1985-11-22,,,,1100.0
692,,1985-11-23,,,,1010.0
693,,1985-11-24,,,,960.0
694,,1985-11-25,,,,920.0
695,,1985-11-26,,,,880.0
696,3.0,1985-11-27,3.2057937750000014,84.14158027500028,1.0986122886681098,860.0
697,,1985-11-28,,,,840.0
698,,1985-11-29,,,,820.0
699,,1985-11-30,,,,810.0
700,,1985-12-01,,,,805.0
701,,1985-12-02,,,,820.0
702,,1985-12-03,,,,840.0
703,,1985-12-04,,,,890.0
704,,1985-12-05,,,,990.0
705,,1985-12-06,,,,1150.0
706,,1985-12-07,,,,1120.0
707,,1985-12-08,,,,1290.0
708,,1985-12-09,,,,1350.0
709,,1985-12-10,,,,1290.0
710,,1985-12-11,,,,1270.0
711,,1985-12-12,,,,1240.0
712,,1985-12-13,,,,1310.0
713,,1985-12-14,,,,1320.0
714,,1985-12-15,,,,1220.0
715,,1985-12-16,,,,1210.0
716,,1985-12-17,,,,1220.0
717,,1985-12-18,,,,1210.0
718,,1985-12-19,,,,1180.0
719,,1985-12-20,,,,1160.0
720,,1985-12-21,,,,1200.0
721,,1985-12-22,,,,1200.0
722,,1985-12-23,,,,1210.0
723,,1985-12-24,,,,1220.0
724,,1985-12-25,,,,1130.0
725,,1985-12-26,,,,1180.0
726,,1985-12-27,,,,1180.0
727,,1985-12-28,,,,1060.0
728,,1985-12-29,,,,1080.0
729,,1985-12-30,,,,1110.0
730,,1985-12-31,,,,1110.0
731,,1986-01-01,,,,1140.0
732,,1986-01-02,,,,1080.0
733,,1986-01-03,,,,1090.0
734,,1986-01-04,,,,1030.0
735,,1986-01-05,,,,947.0
736,,1986-01-06,,,,1060.0
737,,1986-01-07,,,,971.0
738,,1986-01-08,,,,1040.0
739,,1986-01-09,,,,1210.0
740,,1986-01-10,,,,1240.0
741,,1986-01-11,,,,1450.0
742,,1986-01-12,,,,1380.0
743,,1986-01-13,,,,1320.0
744,,1986-01-14,,,,1190.0
745,,1986-01-15,,,,1300.0
746,,1986-01-16,,,,1210.0
747,,1986-01-17,,,,1330.0
748,,1986-01-18,,,,1830.0
749,,1986-01-19,,,,3030.0
750,,1986-01-20,,,,2300.0
751,,1986-01-21,,,,1940.0
752,,1986-01-22,,,,1820.0
753,,1986-01-23,,,,1690.0
754,,1986-01-24,,,,1810.0
755,,1986-01-25,,,,1760.0
756,,1986-01-26,,,,1630.0
757,,1986-01-27,,,,1660.0
758,,1986-01-28,,,,1860.0
759,,1986-01-29,,,,1680.0
760,,1986-01-30,,,,1640.0
761,,1986-01-31,,,,1690.0
762,,1986-02-01,,,,1680.0
763,,1986-02-02,,,,1690.0
764,,1986-02-03,,,,1790.0
765,,1986-02-04,,,,1740.0
766,,1986-02-05,,,,1500.0
767,,1986-02-06,,,,1480.0
768,,1986-02-07,,,,1470.0
769,,1986-02-08,,,,1450.0
770,,1986-02-09,,,,1320.0
771,,1986-02-10,,,,1320.0
772,,1986-02-11,,,,1400.0
773,,1986-02-12,,,,1320.0
774,,1986-02-13,,,,1300.0
775,,1986-02-14,,,,1310.0
776,,1986-02-15,,,,1300.0
777,,1986-02-16,,,,1280.0
778,,1986-02-17,,,,1250.0
779,,1986-02-18,,,,1160.0
780,,1986-02-19,,,,1230.0
781,,1986-02-20,,,,1090.0
782,,1986-02-21,,,,1140.0
783,,1986-02-22,,,,1080.0
784,,1986-02-23,,,,992.0
785,,1986-02-24,,,,2230.0
786,,1986-02-25,,,,3570.0
787,,1986-02-26,,,,3320.0
788,,1986-02-27,,,,2650.0
789,,1986-02-28,,,,2380.0
790,,1986-03-01,,,,2280.0
791,,1986-03-02,,,,2130.0
792,,1986-03-03,,,,1970.0
793,,1986-03-04,,,,1970.0
794,,1986-03-05,,,,1960.0
795,,1986-03-06,,,,1880.0
796,,1986-03-07,,,,2070.0
797,,1986-03-08,,,,2320.0
798,,1986-03-09,,,,2250.0
799,,1986-03-10,,,,2170.0
800,,1986-03-11,,,,2000.0
801,,1986-03-12,,,,2110.0
802,,1986-03-13,,,,2000.0
803,,1986-03-14,,,,2080.0
804,,1986-03-15,,,,2040.0
805,,1986-03-16,,,,2040.0
806,,1986-03-17,,,,1980.0
807,,1986-03-18,,,,1900.0
808,,1986-03-19,,,,1910.0
809,,1986-03-20,,,,1820.0
810,,1986-03-21,,,,1900.0
811,,1986-03-22,,,,1960.0
812,,1986-03-23,,,,1940.0
813,,1986-03-24,,,,2060.0
814,,1986-03-25,,,,2050.0
815,,1986-03-26,,,,2100.0
816,,1986-03-27,,,,2230.0
817,,1986-03-28,,,,2900.0
818,,1986-03-29,,,,2740.0
819,,1986-03-30,,,,2790.0
820,,1986-03-31,,,,2770.0
821,,1986-04-01,,,,2830.0
822,,1986-04-02,,,,2760.0
823,,1986-04-03,,,,2630.0
824,,1986-04-04,,,,2440.0
825,,1986-04-05,,,,2320.0
826,,1986-04-06,,,,2270.0
827,,1986-04-07,,,,2240.0
828,,1986-04-08,,,,2290.0
829,,1986-04-09,,,,2400.0
830,,1986-04-10,,,,2510.0
831,,1986-04-11,,,,2640.0
832,,1986-04-12,,,,2790.0
833,,1986-04-13,,,,2750.0
834,,1986-04-14,,,,2550.0
835,,1986-04-15,,,,2520.0
836,,1986-04-16,,,,2410.0
837,,1986-04-17,,,,2350.0
838,,1986-04-18,,,,2290.0
839,,1986-04-19,,,,2130.0
840,,1986-04-20,,,,2290.0
841,,1986-04-21,,,,2360.0
842,,1986-04-22,,,,2800.0
843,,1986-04-23,,,,3150.0
844,,1986-04-24,,,,3370.0
845,,1986-04-25,,,,3260.0
846,,1986-04-26,,,,3070.0
847,,1986-04-27,,,,2960.0
848,,1986-04-28,,,,2910.0
849,,1986-04-29,,,,2760.0
850,,1986-04-30,,,,2740.0
851,,1986-05-01,,,,2740.0
852,,1986-05-02,,,,2590.0
853,,1986-05-03,,,,2650.0
854,,1986-05-04,,,,2690.0
855,,1986-05-05,,,,2610.0
856,,1986-05-06,,,,2740.0
857,,1986-05-07,,,,2870.0
858,,1986-05-08,,,,3070.0
859,,1986-05-09,,,,3230.0
860,,1986-05-10,,,,3390.0
861,,1986-05-11,,,,3380.0
862,,1986-05-12,,,,3370.0
863,,1986-05-13,,,,3810.0
864,,1986-05-14,,,,3490.0
865,,1986-05-15,,,,3310.0
866,,1986-05-16,,,,3320.0
867,,1986-05-17,,,,3270.0
868,,1986-05-18,,,,3220.0
869,,1986-05-19,,,,3510.0
870,,1986-05-20,,,,4040.0
871,,1986-05-21,,,,4210.0
872,,1986-05-22,,,,4210.0
873,,1986-05-23,,,,4640.0
874,,1986-05-24,,,,4970.0
875,,1986-05-25,,,,5180.0
876,,1986-05-26,,,,5740.0
877,,1986-05-27,,,,6370.0
878,,1986-05-28,,,,6810.0
879,468.0,1986-05-29,4.984251225000004,208.5030702750003,6.148468295917647,7450.0
880,,1986-05-30,,,,8430.0
881,,1986-05-31,,,,9810.0
882,,1986-06-01,,,,11100.0
883,,1986-06-02,,,,11900.0
884,,1986-06-03,,,,12200.0
885,,1986-06-04,,,,12400.0
886,,1986-06-05,,,,12300.0
887,,1986-06-06,,,,12300.0
888,,1986-06-07,,,,11800.0
889,,1986-06-08,,,,11300.0
890,,1986-06-09,,,,10900.0
891,,1986-06-10,,,,10700.0
892,,1986-06-11,,,,10600.0
893,,1986-06-12,,,,10400.0
894,,1986-06-13,,,,9950.0
895,,1986-06-14,,,,9710.0
896,,1986-06-15,,,,9750.0
897,,1986-06-16,,,,9190.0
898,,1986-06-17,,,,8740.0
899,,1986-06-18,,,,8790.0
900,,1986-06-19,,,,9350.0
901,,1986-06-20,,,,9160.0
902,,1986-06-21,,,,8450.0
903,,1986-06-22,,,,8070.0
904,,1986-06-23,,,,7860.0
905,,1986-06-24,,,,7730.0
906,,1986-06-25,,,,7580.0
907,,1986-06-26,,,,7520.0
908,,1986-06-27,,,,7820.0
909,,1986-06-28,,,,7930.0
910,,1986-06-29,,,,7700.0
911,,1986-06-30,,,,7420.0
912,,1986-07-01,,,,7240.0
913,,1986-07-02,,,,7240.0
914,,1986-07-03,,,,7280.0
915,,1986-07-04,,,,7240.0
916,,1986-07-05,,,,7240.0
917,,1986-07-06,,,,7240.0
918,,1986-07-07,,,,7100.0
919,,1986-07-08,,,,6820.0
920,,1986-07-09,,,,6470.0
921,,1986-07-10,,,,6320.0
922,,1986-07-11,,,,6370.0
923,,1986-07-12,,,,6460.0
924,,1986-07-13,,,,6400.0
925,,1986-07-14,,,,6330.0
926,,1986-07-15,,,,6210.0
927,,1986-07-16,,,,6100.0
928,,1986-07-17,,,,6030.0
929,,1986-07-18,,,,5870.0
930,,1986-07-19,,,,5760.0
931,,1986-07-20,,,,5730.0
932,,1986-07-21,,,,5640.0
933,,1986-07-22,,,,5550.0
934,,1986-07-23,,,,5500.0
935,,1986-07-24,,,,5470.0
936,,1986-07-25,,,,5410.0
937,,1986-07-26,,,,5460.0
938,,1986-07-27,,,,5460.0
939,,1986-07-28,,,,5350.0
940,,1986-07-29,,,,5080.0
941,,1986-07-30,,,,4890.0
942,,1986-07-31,,,,4640.0
943,10.0,1986-08-01,2.838866362499995,20.755656849999696,2.302585092994046,4650.0
944,,1986-08-02,,,,4610.0
945,,1986-08-03,,,,4360.0
946,,1986-08-04,,,,4210.0
947,,1986-08-05,,,,4180.0
948,,1986-08-06,,,,4140.0
949,,1986-08-07,,,,4120.0
950,,1986-08-08,,,,4150.0
951,,1986-08-09,,,,4220.0
952,,1986-08-10,,,,4210.0
953,,1986-08-11,,,,4090.0
954,,1986-08-12,,,,4030.0
955,,1986-08-13,,,,3990.0
956,,1986-08-14,,,,3890.0
957,,1986-08-15,,,,3860.0
958,,1986-08-16,,,,3850.0
959,,1986-08-17,,,,3800.0
960,,1986-08-18,,,,3710.0
961,,1986-08-19,,,,3590.0
962,,1986-08-20,,,,3380.0
963,,1986-08-21,,,,3240.0
964,,1986-08-22,,,,3070.0
965,,1986-08-23,,,,3040.0
966,,1986-08-24,,,,2940.0
967,,1986-08-25,,,,2840.0
968,31.0,1986-08-26,2.979623324999995,20.750771474999766,3.4339872044851463,2740.0
969,,1986-08-27,,,,2680.0
970,,1986-08-28,,,,2670.0
971,,1986-08-29,,,,2660.0
972,,1986-08-30,,,,2720.0
973,,1986-08-31,,,,2740.0
974,,1986-09-01,,,,2710.0
975,,1986-09-02,,,,2780.0
976,,1986-09-03,,,,2890.0
977,,1986-09-04,,,,2890.0
978,,1986-09-05,,,,2850.0
979,,1986-09-06,,,,2910.0
980,,1986-09-07,,,,2930.0
981,,1986-09-08,,,,2980.0
982,,1986-09-09,,,,2910.0
983,,1986-09-10,,,,2800.0
984,,1986-09-11,,,,2710.0
985,,1986-09-12,,,,2530.0
986,,1986-09-13,,,,2430.0
987,,1986-09-14,,,,2320.0
988,,1986-09-15,,,,2200.0
989,,1986-09-16,,,,2080.0
990,,1986-09-17,,,,2070.0
991,,1986-09-18,,,,1950.0
992,,1986-09-19,,,,1960.0
993,,1986-09-20,,,,1790.0
994,,1986-09-21,,,,1750.0
995,,1986-09-22,,,,1770.0
996,,1986-09-23,,,,1600.0
997,,1986-09-24,,,,1720.0
998,,1986-09-25,,,,1660.0
999,,1986-09-26,,,,1670.0
1000,,1986-09-27,,,,1770.0
1001,,1986-09-28,,,,1910.0
1002,,1986-09-29,,,,1680.0
1003,,1986-09-30,,,,1740.0
1004,,1986-10-01,,,,1760.0
1005,,1986-10-02,,,,1720.0
1006,,1986-10-03,,,,1680.0
1007,,1986-10-04,,,,1680.0
1008,,1986-10-05,,,,1710.0
1009,,1986-10-06,,,,1760.0
1010,,1986-10-07,,,,1790.0
1011,,1986-10-08,,,,2090.0
1012,,1986-10-09,,,,2270.0
1013,,1986-10-10,,,,2300.0
1014,,1986-10-11,,,,2340.0
1015,,1986-10-12,,,,2110.0
1016,,1986-10-13,,,,2080.0
1017,,1986-10-14,,,,2020.0
1018,,1986-10-15,,,,1850.0
1019,,1986-10-16,,,,1770.0
1020,,1986-10-17,,,,1870.0
1021,,1986-10-18,,,,1660.0
1022,,1986-10-19,,,,1670.0
1023,,1986-10-20,,,,1650.0
1024,,1986-10-21,,,,1620.0
1025,,1986-10-22,,,,1570.0
1026,,1986-10-23,,,,1460.0
1027,,1986-10-24,,,,1400.0
1028,,1986-10-25,,,,1390.0
1029,,1986-10-26,,,,1450.0
1030,,1986-10-27,,,,2020.0
1031,,1986-10-28,,,,1920.0
1032,,1986-10-29,,,,1700.0
1033,,1986-10-30,,,,1670.0
1034,,1986-10-31,,,,1740.0
1035,,1986-11-01,,,,1830.0
1036,,1986-11-02,,,,1910.0
1037,,1986-11-03,,,,1880.0
1038,,1986-11-04,,,,1790.0
1039,,1986-11-05,,,,1840.0
1040,,1986-11-06,,,,1840.0
1041,,1986-11-07,,,,2030.0
1042,,1986-11-08,,,,2300.0
1043,,1986-11-09,,,,2100.0
1044,,1986-11-10,,,,1940.0
1045,,1986-11-11,,,,1800.0
1046,,1986-11-12,,,,1530.0
1047,,1986-11-13,,,,1480.0
1048,,1986-11-14,,,,1510.0
1049,,1986-11-15,,,,1330.0
1050,,1986-11-16,,,,1470.0
1051,,1986-11-17,,,,1400.0
1052,,1986-11-18,,,,1330.0
1053,,1986-11-19,,,,1790.0
1054,,1986-11-20,,,,2460.0
1055,,1986-11-21,,,,2360.0
1056,,1986-11-22,,,,2080.0
1057,,1986-11-23,,,,2500.0
1058,,1986-11-24,,,,3120.0
1059,,1986-11-25,,,,2450.0
1060,,1986-11-26,,,,2290.0
1061,,1986-11-27,,,,2250.0
1062,,1986-11-28,,,,2160.0
1063,,1986-11-29,,,,2160.0
1064,,1986-11-30,,,,2110.0
1065,,1986-12-01,,,,2070.0
1066,,1986-12-02,,,,1880.0
1067,,1986-12-03,,,,1800.0
1068,,1986-12-04,,,,1740.0
1069,,1986-12-05,,,,1630.0
1070,,1986-12-06,,,,1700.0
1071,,1986-12-07,,,,1520.0
1072,,1986-12-08,,,,1560.0
1073,,1986-12-09,,,,1430.0
1074,,1986-12-10,,,,1400.0
1075,,1986-12-11,,,,1430.0
1076,,1986-12-12,,,,1380.0
1077,,1986-12-13,,,,1470.0
1078,,1986-12-14,,,,1280.0
1079,,1986-12-15,,,,1390.0
1080,,1986-12-16,,,,1520.0
1081,,1986-12-17,,,,1450.0
1082,,1986-12-18,,,,1350.0
1083,,1986-12-19,,,,1310.0
1084,,1986-12-20,,,,1240.0
1085,,1986-12-21,,,,1190.0
1086,,1986-12-22,,,,1350.0
1087,,1986-12-23,,,,1420.0
1088,,1986-12-24,,,,1570.0
1089,,1986-12-25,,,,1440.0
1090,,1986-12-26,,,,1560.0
1091,,1986-12-27,,,,1540.0
1092,,1986-12-28,,,,1440.0
1093,,1986-12-29,,,,1590.0
1094,,1986-12-30,,,,1770.0
1095,,1986-12-31,,,,1510.0
1096,,1987-01-01,,,,1580.0
1097,,1987-01-02,,,,1550.0
1098,,1987-01-03,,,,1530.0
1099,,1987-01-04,,,,1650.0
1100,,1987-01-05,,,,1450.0
1101,,1987-01-06,,,,1440.0
1102,,1987-01-07,,,,1470.0
1103,53.0,1987-01-08,4.043065649999998,119.55716844999985,3.970291913552122,1420.0
1104,,1987-01-09,,,,1430.0
1105,,1987-01-10,,,,1450.0
1106,,1987-01-11,,,,1470.0
1107,,1987-01-12,,,,2290.0
1108,,1987-01-13,,,,2500.0
1109,,1987-01-14,,,,2160.0
1110,,1987-01-15,,,,2020.0
1111,,1987-01-16,,,,1690.0
1112,,1987-01-17,,,,1790.0
1113,,1987-01-18,,,,1990.0
1114,,1987-01-19,,,,2040.0
1115,,1987-01-20,,,,1880.0
1116,,1987-01-21,,,,1740.0
1117,,1987-01-22,,,,1580.0
1118,,1987-01-23,,,,1570.0
1119,,1987-01-24,,,,1440.0
1120,,1987-01-25,,,,1650.0
1121,,1987-01-26,,,,1610.0
1122,,1987-01-27,,,,1520.0
1123,,1987-01-28,,,,1480.0
1124,,1987-01-29,,,,1570.0
1125,,1987-01-30,,,,1510.0
1126,,1987-01-31,,,,1610.0
1127,,1987-02-01,,,,1670.0
1128,,1987-02-02,,,,1510.0
1129,,1987-02-03,,,,1420.0
1130,,1987-02-04,,,,1370.0
1131,,1987-02-05,,,,1390.0
1132,,1987-02-06,,,,1490.0
1133,,1987-02-07,,,,1410.0
1134,,1987-02-08,,,,1340.0
1135,,1987-02-09,,,,1470.0
1136,,1987-02-10,,,,1280.0
1137,,1987-02-11,,,,1460.0
1138,,1987-02-12,,,,1480.0
1139,,1987-02-13,,,,1400.0
1140,,1987-02-14,,,,1700.0
1141,,1987-02-15,,,,1610.0
1142,,1987-02-16,,,,1540.0
1143,,1987-02-17,,,,1610.0
1144,,1987-02-18,,,,1640.0
1145,,1987-02-19,,,,1500.0
1146,,1987-02-20,,,,1630.0
1147,,1987-02-21,,,,1560.0
1148,,1987-02-22,,,,1480.0
1149,,1987-02-23,,,,1600.0
1150,,1987-02-24,,,,1270.0
1151,19.0,1987-02-25,3.826434674999998,97.03607149999989,2.9444389791664403,1290.0
1152,,1987-02-26,,,,1220.0
1153,,1987-02-27,,,,1290.0
1154,,1987-02-28,,,,1160.0
1155,,1987-03-01,,,,1170.0
1156,,1987-03-02,,,,1180.0
1157,,1987-03-03,,,,1420.0
1158,,1987-03-04,,,,2050.0
1159,,1987-03-05,,,,2210.0
1160,,1987-03-06,,,,2420.0
1161,,1987-03-07,,,,2340.0
1162,,1987-03-08,,,,2240.0
1163,,1987-03-09,,,,2170.0
1164,,1987-03-10,,,,2180.0
1165,,1987-03-11,,,,2150.0
1166,,1987-03-12,,,,2320.0
1167,,1987-03-13,,,,2260.0
1168,,1987-03-14,,,,2270.0
1169,,1987-03-15,,,,2290.0
1170,,1987-03-16,,,,2080.0
1171,,1987-03-17,,,,1980.0
1172,,1987-03-18,,,,2110.0
1173,,1987-03-19,,,,2180.0
1174,,1987-03-20,,,,2130.0
1175,,1987-03-21,,,,2140.0
1176,,1987-03-22,,,,2110.0
1177,,1987-03-23,,,,2130.0
1178,,1987-03-24,,,,1990.0
1179,,1987-03-25,,,,1840.0
1180,,1987-03-26,,,,1860.0
1181,,1987-03-27,,,,1800.0
1182,,1987-03-28,,,,1850.0
1183,,1987-03-29,,,,1760.0
1184,,1987-03-30,,,,1850.0
1185,,1987-03-31,,,,1710.0
1186,,1987-04-01,,,,1810.0
1187,,1987-04-02,,,,1790.0
1188,,1987-04-03,,,,1850.0
1189,,1987-04-04,,,,1940.0
1190,,1987-04-05,,,,2050.0
1191,,1987-04-06,,,,2110.0
1192,,1987-04-07,,,,2160.0
1193,,1987-04-08,,,,2260.0
1194,,1987-04-09,,,,2750.0
1195,,1987-04-10,,,,2850.0
1196,,1987-04-11,,,,3070.0
1197,,1987-04-12,,,,2980.0
1198,,1987-04-13,,,,2910.0
1199,,1987-04-14,,,,2860.0
1200,,1987-04-15,,,,2980.0
1201,,1987-04-16,,,,3270.0
1202,,1987-04-17,,,,3420.0
1203,,1987-04-18,,,,3400.0
1204,,1987-04-19,,,,3250.0
1205,,1987-04-20,,,,3090.0
1206,,1987-04-21,,,,2910.0
1207,,1987-04-22,,,,2770.0
1208,,1987-04-23,,,,2640.0
1209,,1987-04-24,,,,2520.0
1210,,1987-04-25,,,,2520.0
1211,,1987-04-26,,,,2470.0
1212,,1987-04-27,,,,2450.0
1213,,1987-04-28,,,,2700.0
1214,,1987-04-29,,,,2990.0
1215,,1987-04-30,,,,3280.0
1216,,1987-05-01,,,,3710.0
1217,,1987-05-02,,,,3860.0
1218,,1987-05-03,,,,4260.0
1219,,1987-05-04,,,,5080.0
1220,,1987-05-05,,,,5830.0
1221,,1987-05-06,,,,6000.0
1222,,1987-05-07,,,,6000.0
1223,,1987-05-08,,,,6150.0
1224,,1987-05-09,,,,6270.0
1225,,1987-05-10,,,,6430.0
1226,,1987-05-11,,,,6710.0
1227,,1987-05-12,,,,7510.0
1228,,1987-05-13,,,,7620.0
1229,,1987-05-14,,,,7580.0
1230,,1987-05-15,,,,7690.0
1231,259.0,1987-05-16,4.263324975,144.19376862500002,5.556828061699537,7560.0
1232,,1987-05-17,,,,7210.0
1233,,1987-05-18,,,,6850.0
1234,,1987-05-19,,,,6450.0
1235,,1987-05-20,,,,6030.0
1236,,1987-05-21,,,,5560.0
1237,,1987-05-22,,,,5230.0
1238,,1987-05-23,,,,5020.0
1239,,1987-05-24,,,,4750.0
1240,,1987-05-25,,,,4600.0
1241,,1987-05-26,,,,4600.0
1242,,1987-05-27,,,,4730.0
1243,,1987-05-28,,,,4810.0
1244,,1987-05-29,,,,4940.0
1245,,1987-05-30,,,,5290.0
1246,,1987-05-31,,,,5900.0
1247,,1987-06-01,,,,6290.0
1248,,1987-06-02,,,,6440.0
1249,,1987-06-03,,,,6110.0
1250,,1987-06-04,,,,5940.0
1251,,1987-06-05,,,,5890.0
1252,,1987-06-06,,,,5810.0
1253,,1987-06-07,,,,5690.0
1254,,1987-06-08,,,,5880.0
1255,,1987-06-09,,,,6300.0
1256,,1987-06-10,,,,6780.0
1257,,1987-06-11,,,,6930.0
1258,,1987-06-12,,,,7030.0
1259,,1987-06-13,,,,7650.0
1260,,1987-06-14,,,,7890.0
1261,,1987-06-15,,,,8020.0
1262,,1987-06-16,,,,8340.0
1263,,1987-06-17,,,,8500.0
1264,,1987-06-18,,,,8200.0
1265,,1987-06-19,,,,7880.0
1266,,1987-06-20,,,,7620.0
1267,,1987-06-21,,,,7370.0
1268,,1987-06-22,,,,7150.0
1269,,1987-06-23,,,,6960.0
1270,,1987-06-24,,,,6910.0
1271,,1987-06-25,,,,7000.0
1272,123.0,1987-06-26,4.256188724999997,118.14559262499978,4.812184355372417,6900.0
1273,,1987-06-27,,,,6590.0
1274,,1987-06-28,,,,6210.0
1275,,1987-06-29,,,,5950.0
1276,,1987-06-30,,,,5890.0
1277,,1987-07-01,,,,6000.0
1278,,1987-07-02,,,,6200.0
1279,,1987-07-03,,,,6360.0
1280,,1987-07-04,,,,6510.0
1281,,1987-07-05,,,,6670.0
1282,,1987-07-06,,,,6780.0
1283,,1987-07-07,,,,6540.0
1284,,1987-07-08,,,,6380.0
1285,,1987-07-09,,,,6140.0
1286,,1987-07-10,,,,5910.0
1287,,1987-07-11,,,,5700.0
1288,22.0,1987-07-12,2.8712150249999997,2.9831361499999502,3.091042453358316,5530.0
1289,,1987-07-13,,,,5320.0
1290,,1987-07-14,,,,5110.0
1291,,1987-07-15,,,,4900.0
1292,,1987-07-16,,,,4710.0
1293,,1987-07-17,,,,4530.0
1294,,1987-07-18,,,,4430.0
1295,,1987-07-19,,,,4300.0
1296,,1987-07-20,,,,4030.0
1297,,1987-07-21,,,,3860.0
1298,,1987-07-22,,,,3690.0
1299,,1987-07-23,,,,3650.0
1300,,1987-07-24,,,,3680.0
1301,,1987-07-25,,,,3710.0
1302,,1987-07-26,,,,3710.0
1303,,1987-07-27,,,,3720.0
1304,,1987-07-28,,,,3740.0
1305,,1987-07-29,,,,3900.0
1306,,1987-07-30,,,,3980.0
1307,,1987-07-31,,,,3990.0
1308,,1987-08-01,,,,3930.0
1309,,1987-08-02,,,,3840.0
1310,,1987-08-03,,,,3760.0
1311,,1987-08-04,,,,3880.0
1312,,1987-08-05,,,,4660.0
1313,,1987-08-06,,,,4910.0
1314,,1987-08-07,,,,4550.0
1315,,1987-08-08,,,,4320.0
1316,,1987-08-09,,,,4250.0
1317,,1987-08-10,,,,4100.0
1318,,1987-08-11,,,,3920.0
1319,,1987-08-12,,,,3790.0
1320,,1987-08-13,,,,3680.0
1321,,1987-08-14,,,,3630.0
1322,,1987-08-15,,,,3510.0
1323,,1987-08-16,,,,3370.0
1324,,1987-08-17,,,,3230.0
1325,,1987-08-18,,,,3100.0
1326,,1987-08-19,,,,2980.0
1327,,1987-08-20,,,,2910.0
1328,,1987-08-21,,,,2890.0
1329,,1987-08-22,,,,2820.0
1330,,1987-08-23,,,,2680.0
1331,,1987-08-24,,,,2670.0
1332,,1987-08-25,,,,2670.0
1333,,1987-08-26,,,,2630.0
1334,,1987-08-27,,,,2550.0
1335,,1987-08-28,,,,2410.0
1336,,1987-08-29,,,,2410.0
1337,,1987-08-30,,,,2330.0
1338,,1987-08-31,,,,2330.0
1339,,1987-09-01,,,,2310.0
1340,,1987-09-02,,,,2330.0
1341,,1987-09-03,,,,2370.0
1342,,1987-09-04,,,,2390.0
1343,274.0,1987-09-05,3.0625300499999986,34.40162572499983,5.6131281063880705,2380.0
1344,,1987-09-06,,,,2340.0
1345,,1987-09-07,,,,2370.0
1346,,1987-09-08,,,,2260.0
1347,,1987-09-09,,,,2270.0
1348,,1987-09-10,,,,2250.0
1349,,1987-09-11,,,,2250.0
1350,,1987-09-12,,,,2210.0
1351,,1987-09-13,,,,2190.0
1352,,1987-09-14,,,,2140.0
1353,,1987-09-15,,,,2270.0
1354,,1987-09-16,,,,2210.0
1355,,1987-09-17,,,,2160.0
1356,,1987-09-18,,,,2100.0
1357,,1987-09-19,,,,2010.0
1358,,1987-09-20,,,,1990.0
1359,5.0,1987-09-21,2.8129774500000004,24.443505850000037,1.6094379124341003,1930.0
1360,,1987-09-22,,,,1890.0
1361,,1987-09-23,,,,1840.0
1362,,1987-09-24,,,,1760.0
1363,,1987-09-25,,,,1750.0
1364,,1987-09-26,,,,1750.0
1365,,1987-09-27,,,,1790.0
1366,,1987-09-28,,,,1840.0
1367,,1987-09-29,,,,1730.0
1368,12.0,1987-09-30,2.8104851250000005,20.549177775000004,2.4849066497880004,1670.0
1369,,1987-10-01,,,,1800.0
1370,,1987-10-02,,,,1740.0
1371,,1987-10-03,,,,1690.0
1372,,1987-10-04,,,,1680.0
1373,,1987-10-05,,,,1680.0
1374,,1987-10-06,,,,1680.0
1375,,1987-10-07,,,,1660.0
1376,,1987-10-08,,,,1680.0
1377,,1987-10-09,,,,1670.0
1378,,1987-10-10,,,,1620.0
1379,,1987-10-11,,,,1510.0
1380,,1987-10-12,,,,1440.0
1381,,1987-10-13,,,,1410.0
1382,,1987-10-14,,,,1360.0
1383,,1987-10-15,,,,1330.0
1384,6.0,1987-10-16,3.2518320749999994,60.78501874999989,1.791759469228055,1290.0
1385,,1987-10-17,,,,1300.0
1386,,1987-10-18,,,,1270.0
1387,,1987-10-19,,,,1250.0
1388,,1987-10-20,,,,1210.0
1389,,1987-10-21,,,,1180.0
1390,,1987-10-22,,,,1070.0
1391,,1987-10-23,,,,1160.0
1392,,1987-10-24,,,,1140.0
1393,,1987-10-25,,,,1140.0
1394,,1987-10-26,,,,1100.0
1395,,1987-10-27,,,,1040.0
1396,,1987-10-28,,,,1070.0
1397,,1987-10-29,,,,1120.0
1398,,1987-10-30,,,,1080.0
1399,,1987-10-31,,,,1110.0
1400,,1987-11-01,,,,1190.0
1401,,1987-11-02,,,,1650.0
1402,,1987-11-03,,,,2140.0
1403,,1987-11-04,,,,2100.0
1404,,1987-11-05,,,,1880.0
1405,,1987-11-06,,,,1700.0
1406,,1987-11-07,,,,1630.0
1407,,1987-11-08,,,,1530.0
1408,,1987-11-09,,,,1530.0
1409,,1987-11-10,,,,1470.0
1410,,1987-11-11,,,,1440.0
1411,,1987-11-12,,,,1480.0
1412,,1987-11-13,,,,1380.0
1413,,1987-11-14,,,,1500.0
1414,,1987-11-15,,,,1340.0
1415,,1987-11-16,,,,1440.0
1416,,1987-11-17,,,,1340.0
1417,,1987-11-18,,,,1290.0
1418,,1987-11-19,,,,1290.0
1419,,1987-11-20,,,,1360.0
1420,,1987-11-21,,,,1380.0
1421,,1987-11-22,,,,1390.0
1422,,1987-11-23,,,,1430.0
1423,,1987-11-24,,,,1380.0
1424,,1987-11-25,,,,1650.0
1425,,1987-11-26,,,,1540.0
1426,,1987-11-27,,,,1490.0
1427,,1987-11-28,,,,1440.0
1428,,1987-11-29,,,,1440.0
1429,,1987-11-30,,,,1250.0
1430,,1987-12-01,,,,1300.0
1431,,1987-12-02,,,,1480.0
1432,,1987-12-03,,,,1510.0
1433,,1987-12-04,,,,1560.0
1434,,1987-12-05,,,,1330.0
1435,,1987-12-06,,,,1370.0
1436,,1987-12-07,,,,1700.0
1437,,1987-12-08,,,,1410.0
1438,,1987-12-09,,,,1400.0
1439,,1987-12-10,,,,1990.0
1440,,1987-12-11,,,,1900.0
1441,,1987-12-12,,,,1710.0
1442,,1987-12-13,,,,1650.0
1443,,1987-12-14,,,,1500.0
1444,,1987-12-15,,,,1480.0
1445,,1987-12-16,,,,1380.0
1446,,1987-12-17,,,,1390.0
1447,,1987-12-18,,,,1260.0
1448,,1987-12-19,,,,1210.0
1449,,1987-12-20,,,,1140.0
1450,,1987-12-21,,,,1130.0
1451,,1987-12-22,,,,1180.0
1452,,1987-12-23,,,,1090.0
1453,,1987-12-24,,,,1050.0
1454,,1987-12-25,,,,1030.0
1455,,1987-12-26,,,,1000.0
1456,,1987-12-27,,,,1010.0
1457,,1987-12-28,,,,1010.0
1458,,1987-12-29,,,,1040.0
1459,,1987-12-30,,,,1010.0
1460,,1987-12-31,,,,979.0
1461,,1988-01-01,,,,770.0
1462,,1988-01-02,,,,735.0
1463,,1988-01-03,,,,735.0
1464,,1988-01-04,,,,722.0
1465,,1988-01-05,,,,700.0
1466,,1988-01-06,,,,711.0
1467,,1988-01-07,,,,725.0
1468,,1988-01-08,,,,709.0
1469,,1988-01-09,,,,682.0
1470,,1988-01-10,,,,693.0
1471,,1988-01-11,,,,699.0
1472,,1988-01-12,,,,700.0
1473,,1988-01-13,,,,729.0
1474,,1988-01-14,,,,1150.0
1475,,1988-01-15,,,,1280.0
1476,,1988-01-16,,,,1050.0
1477,,1988-01-17,,,,1000.0
1478,,1988-01-18,,,,976.0
1479,,1988-01-19,,,,956.0
1480,,1988-01-20,,,,944.0
1481,,1988-01-21,,,,936.0
1482,,1988-01-22,,,,942.0
1483,,1988-01-23,,,,947.0
1484,,1988-01-24,,,,924.0
1485,,1988-01-25,,,,911.0
1486,,1988-01-26,,,,891.0
1487,,1988-01-27,,,,880.0
1488,,1988-01-28,,,,925.0
1489,,1988-01-29,,,,1130.0
1490,,1988-01-30,,,,1190.0
1491,,1988-01-31,,,,957.0
1492,,1988-02-01,,,,867.0
1493,,1988-02-02,,,,812.0
1494,,1988-02-03,,,,788.0
1495,,1988-02-04,,,,772.0
1496,,1988-02-05,,,,766.0
1497,,1988-02-06,,,,775.0
1498,,1988-02-07,,,,862.0
1499,,1988-02-08,,,,885.0
1500,,1988-02-09,,,,943.0
1501,,1988-02-10,,,,883.0
1502,,1988-02-11,,,,841.0
1503,,1988-02-12,,,,1050.0
1504,,1988-02-13,,,,1170.0
1505,,1988-02-14,,,,1050.0
1506,,1988-02-15,,,,1110.0
1507,,1988-02-16,,,,1140.0
1508,,1988-02-17,,,,1010.0
1509,,1988-02-18,,,,1090.0
1510,,1988-02-19,,,,1010.0
1511,,1988-02-20,,,,1050.0
1512,,1988-02-21,,,,1070.0
1513,,1988-02-22,,,,1010.0
1514,,1988-02-23,,,,1030.0
1515,,1988-02-24,,,,1100.0
1516,,1988-02-25,,,,1050.0
1517,,1988-02-26,,,,1010.0
1518,,1988-02-27,,,,1020.0
1519,,1988-02-28,,,,1060.0
1520,,1988-02-29,,,,1080.0
1521,,1988-03-01,,,,1130.0
1522,,1988-03-02,,,,1120.0
1523,,1988-03-03,,,,1190.0
1524,,1988-03-04,,,,1120.0
1525,,1988-03-05,,,,1110.0
1526,,1988-03-06,,,,1250.0
1527,,1988-03-07,,,,1170.0
1528,,1988-03-08,,,,1130.0
1529,,1988-03-09,,,,1310.0
1530,,1988-03-10,,,,1270.0
1531,,1988-03-11,,,,1230.0
1532,,1988-03-12,,,,1190.0
1533,,1988-03-13,,,,1140.0
1534,,1988-03-14,,,,1070.0
1535,,1988-03-15,,,,1070.0
1536,,1988-03-16,,,,1080.0
1537,,1988-03-17,,,,1070.0
1538,,1988-03-18,,,,1070.0
1539,,1988-03-19,,,,1080.0
1540,,1988-03-20,,,,1190.0
1541,,1988-03-21,,,,1200.0
1542,,1988-03-22,,,,1200.0
1543,,1988-03-23,,,,1310.0
1544,,1988-03-24,,,,1410.0
1545,,1988-03-25,,,,1400.0
1546,,1988-03-26,,,,1430.0
1547,,1988-03-27,,,,1520.0
1548,,1988-03-28,,,,1380.0
1549,,1988-03-29,,,,1320.0
1550,,1988-03-30,,,,1260.0
1551,,1988-03-31,,,,1220.0
1552,,1988-04-01,,,,1350.0
1553,,1988-04-02,,,,1470.0
1554,,1988-04-03,,,,1550.0
1555,,1988-04-04,,,,1700.0
1556,,1988-04-05,,,,1510.0
1557,,1988-04-06,,,,1590.0
1558,,1988-04-07,,,,1900.0
1559,,1988-04-08,,,,1790.0
1560,4.0,1988-04-09,4.618703624999998,165.17796083749997,1.3862943611198906,1690.0
1561,,1988-04-10,,,,1620.0
1562,,1988-04-11,,,,1620.0
1563,,1988-04-12,,,,1660.0
1564,,1988-04-13,,,,1710.0
1565,,1988-04-14,,,,1860.0
1566,,1988-04-15,,,,2000.0
1567,,1988-04-16,,,,2210.0
1568,,1988-04-17,,,,2420.0
1569,,1988-04-18,,,,2830.0
1570,,1988-04-19,,,,3210.0
1571,,1988-04-20,,,,3710.0
1572,,1988-04-21,,,,4160.0
1573,,1988-04-22,,,,4630.0
1574,,1988-04-23,,,,4770.0
1575,,1988-04-24,,,,4830.0
1576,,1988-04-25,,,,4630.0
1577,,1988-04-26,,,,4640.0
1578,,1988-04-27,,,,4690.0
1579,,1988-04-28,,,,4640.0
1580,,1988-04-29,,,,4600.0
1581,,1988-04-30,,,,4590.0
1582,,1988-05-01,,,,4610.0
1583,,1988-05-02,,,,4760.0
1584,,1988-05-03,,,,4900.0
1585,,1988-05-04,,,,4740.0
1586,,1988-05-05,,,,4430.0
1587,,1988-05-06,,,,4200.0
1588,,1988-05-07,,,,4030.0
1589,,1988-05-08,,,,4020.0
1590,,1988-05-09,,,,4170.0
1591,,1988-05-10,,,,4310.0
1592,,1988-05-11,,,,4590.0
1593,,1988-05-12,,,,5200.0
1594,,1988-05-13,,,,6060.0
1595,,1988-05-14,,,,6550.0
1596,,1988-05-15,,,,6760.0
1597,,1988-05-16,,,,7390.0
1598,,1988-05-17,,,,8040.0
1599,,1988-05-18,,,,8050.0
1600,,1988-05-19,,,,7680.0
1601,,1988-05-20,,,,7390.0
1602,,1988-05-21,,,,7170.0
1603,,1988-05-22,,,,6970.0
1604,,1988-05-23,,,,6870.0
1605,,1988-05-24,,,,6610.0
1606,,1988-05-25,,,,6460.0
1607,,1988-05-26,,,,6740.0
1608,,1988-05-27,,,,7030.0
1609,,1988-05-28,,,,7230.0
1610,,1988-05-29,,,,7240.0
1611,,1988-05-30,,,,6860.0
1612,,1988-05-31,,,,6710.0
1613,,1988-06-01,,,,6730.0
1614,,1988-06-02,,,,6620.0
1615,,1988-06-03,,,,6540.0
1616,,1988-06-04,,,,6420.0
1617,,1988-06-05,,,,6230.0
1618,,1988-06-06,,,,6070.0
1619,,1988-06-07,,,,5950.0
1620,,1988-06-08,,,,5910.0
1621,,1988-06-09,,,,5980.0
1622,,1988-06-10,,,,6140.0
1623,,1988-06-11,,,,6490.0
1624,,1988-06-12,,,,6820.0
1625,,1988-06-13,,,,6960.0
1626,,1988-06-14,,,,7020.0
1627,,1988-06-15,,,,7120.0
1628,,1988-06-16,,,,7200.0
1629,,1988-06-17,,,,7220.0
1630,,1988-06-18,,,,7170.0
1631,,1988-06-19,,,,7260.0
1632,,1988-06-20,,,,7370.0
1633,,1988-06-21,,,,7480.0
1634,,1988-06-22,,,,7590.0
1635,,1988-06-23,,,,7580.0
1636,,1988-06-24,,,,7280.0
1637,,1988-06-25,,,,7030.0
1638,,1988-06-26,,,,7020.0
1639,,1988-06-27,,,,7100.0
1640,,1988-06-28,,,,7010.0
1641,,1988-06-29,,,,6800.0
1642,,1988-06-30,,,,6630.0
1643,,1988-07-01,,,,6610.0
1644,,1988-07-02,,,,6610.0
1645,,1988-07-03,,,,6610.0
1646,,1988-07-04,,,,6470.0
1647,,1988-07-05,,,,6160.0
1648,,1988-07-06,,,,5880.0
1649,,1988-07-07,,,,5630.0
1650,,1988-07-08,,,,5420.0
1651,,1988-07-09,,,,5270.0
1652,,1988-07-10,,,,5200.0
1653,,1988-07-11,,,,5240.0
1654,,1988-07-12,,,,5280.0
1655,,1988-07-13,,,,5490.0
1656,,1988-07-14,,,,5460.0
1657,,1988-07-15,,,,5510.0
1658,,1988-07-16,,,,5590.0
1659,,1988-07-17,,,,5510.0
1660,,1988-07-18,,,,5310.0
1661,,1988-07-19,,,,5060.0
1662,,1988-07-20,,,,4820.0
1663,61.0,1988-07-21,3.002086424999998,21.299904949999956,4.110873864173311,4630.0
1664,,1988-07-22,,,,4490.0
1665,,1988-07-23,,,,4380.0
1666,,1988-07-24,,,,4330.0
1667,,1988-07-25,,,,4380.0
1668,,1988-07-26,,,,4450.0
1669,,1988-07-27,,,,4420.0
1670,,1988-07-28,,,,4420.0
1671,,1988-07-29,,,,4350.0
1672,54.0,1988-07-30,2.915732025000001,12.077586075000056,3.9889840465642745,4370.0
1673,,1988-07-31,,,,4310.0
1674,,1988-08-01,,,,4220.0
1675,,1988-08-02,,,,4140.0
1676,,1988-08-03,,,,3940.0
1677,,1988-08-04,,,,3770.0
1678,,1988-08-05,,,,3650.0
1679,,1988-08-06,,,,3580.0
1680,,1988-08-07,,,,3490.0
1681,,1988-08-08,,,,3520.0
1682,,1988-08-09,,,,3600.0
1683,,1988-08-10,,,,3650.0
1684,,1988-08-11,,,,3560.0
1685,,1988-08-12,,,,3560.0
1686,,1988-08-13,,,,3780.0
1687,,1988-08-14,,,,3840.0
1688,,1988-08-15,,,,3750.0
1689,,1988-08-16,,,,3530.0
1690,,1988-08-17,,,,3400.0
1691,,1988-08-18,,,,3300.0
1692,,1988-08-19,,,,3190.0
1693,,1988-08-20,,,,3120.0
1694,,1988-08-21,,,,3110.0
1695,,1988-08-22,,,,3110.0
1696,,1988-08-23,,,,3150.0
1697,,1988-08-24,,,,3190.0
1698,,1988-08-25,,,,3120.0
1699,,1988-08-26,,,,3050.0
1700,,1988-08-27,,,,2940.0
1701,,1988-08-28,,,,2900.0
1702,,1988-08-29,,,,2880.0
1703,,1988-08-30,,,,2930.0
1704,2.0,1988-08-31,2.380087987500001,18.356157687500144,0.6931471805599453,2930.0
1705,,1988-09-01,,,,2890.0
1706,,1988-09-02,,,,2840.0
1707,,1988-09-03,,,,2810.0
1708,,1988-09-04,,,,2770.0
1709,,1988-09-05,,,,2680.0
1710,,1988-09-06,,,,2540.0
1711,,1988-09-07,,,,2590.0
1712,,1988-09-08,,,,2610.0
1713,,1988-09-09,,,,2650.0
1714,,1988-09-10,,,,2680.0
1715,,1988-09-11,,,,2710.0
1716,,1988-09-12,,,,2710.0
1717,,1988-09-13,,,,2520.0
1718,,1988-09-14,,,,2350.0
1719,,1988-09-15,,,,2220.0
1720,,1988-09-16,,,,2140.0
1721,,1988-09-17,,,,2090.0
1722,,1988-09-18,,,,2050.0
1723,,1988-09-19,,,,2050.0
1724,,1988-09-20,,,,2040.0
1725,,1988-09-21,,,,1940.0
1726,,1988-09-22,,,,1890.0
1727,,1988-09-23,,,,1860.0
1728,,1988-09-24,,,,1830.0
1729,,1988-09-25,,,,1870.0
1730,,1988-09-26,,,,1860.0
1731,,1988-09-27,,,,1900.0
1732,,1988-09-28,,,,1790.0
1733,,1988-09-29,,,,1730.0
1734,,1988-09-30,,,,1690.0
1735,,1988-10-01,,,,1670.0
1736,,1988-10-02,,,,1610.0
1737,,1988-10-03,,,,1860.0
1738,,1988-10-04,,,,2050.0
1739,,1988-10-05,,,,2080.0
1740,,1988-10-06,,,,1960.0
1741,,1988-10-07,,,,1870.0
1742,,1988-10-08,,,,1820.0
1743,,1988-10-09,,,,1770.0
1744,,1988-10-10,,,,1720.0
1745,,1988-10-11,,,,1690.0
1746,,1988-10-12,,,,1660.0
1747,,1988-10-13,,,,1650.0
1748,,1988-10-14,,,,1880.0
1749,,1988-10-15,,,,2330.0
1750,,1988-10-16,,,,2920.0
1751,,1988-10-17,,,,2370.0
1752,,1988-10-18,,,,2230.0
1753,,1988-10-19,,,,2160.0
1754,,1988-10-20,,,,2190.0
1755,,1988-10-21,,,,2100.0
1756,,1988-10-22,,,,2130.0
1757,,1988-10-23,,,,2000.0
1758,,1988-10-24,,,,2050.0
1759,,1988-10-25,,,,2060.0
1760,,1988-10-26,,,,2030.0
1761,,1988-10-27,,,,2070.0
1762,,1988-10-28,,,,1990.0
1763,,1988-10-29,,,,1930.0
1764,,1988-10-30,,,,1930.0
1765,,1988-10-31,,,,1970.0
1766,,1988-11-01,,,,1940.0
1767,,1988-11-02,,,,2050.0
1768,,1988-11-03,,,,2390.0
1769,,1988-11-04,,,,2560.0
1770,,1988-11-05,,,,2440.0
1771,,1988-11-06,,,,3690.0
1772,,1988-11-07,,,,3260.0
1773,,1988-11-08,,,,2930.0
1774,,1988-11-09,,,,2740.0
1775,,1988-11-10,,,,2630.0
1776,,1988-11-11,,,,2610.0
1777,,1988-11-12,,,,2520.0
1778,,1988-11-13,,,,2470.0
1779,,1988-11-14,,,,2330.0
1780,,1988-11-15,,,,2180.0
1781,,1988-11-16,,,,2080.0
1782,,1988-11-17,,,,2060.0
1783,,1988-11-18,,,,1920.0
1784,,1988-11-19,,,,1820.0
1785,,1988-11-20,,,,1940.0
1786,,1988-11-21,,,,1860.0
1787,,1988-11-22,,,,1860.0
1788,,1988-11-23,,,,2030.0
1789,,1988-11-24,,,,1910.0
1790,,1988-11-25,,,,1830.0
1791,,1988-11-26,,,,1800.0
1792,,1988-11-27,,,,1640.0
1793,,1988-11-28,,,,1700.0
1794,,1988-11-29,,,,1610.0
1795,,1988-11-30,,,,1520.0
1796,,1988-12-01,,,,1450.0
1797,,1988-12-02,,,,1510.0
1798,,1988-12-03,,,,1490.0
1799,,1988-12-04,,,,1550.0
1800,,1988-12-05,,,,1540.0
1801,,1988-12-06,,,,1490.0
1802,,1988-12-07,,,,1610.0
1803,,1988-12-08,,,,1580.0
1804,,1988-12-09,,,,1550.0
1805,,1988-12-10,,,,1510.0
1806,,1988-12-11,,,,1470.0
1807,,1988-12-12,,,,1470.0
1808,,1988-12-13,,,,2260.0
1809,,1988-12-14,,,,1880.0
1810,,1988-12-15,,,,1720.0
1811,,1988-12-16,,,,1600.0
1812,,1988-12-17,,,,1540.0
1813,,1988-12-18,,,,1470.0
1814,,1988-12-19,,,,1540.0
1815,,1988-12-20,,,,1310.0
1816,,1988-12-21,,,,1330.0
1817,,1988-12-22,,,,1260.0
1818,,1988-12-23,,,,1260.0
1819,,1988-12-24,,,,1290.0
1820,,1988-12-25,,,,1240.0
1821,,1988-12-26,,,,1220.0
1822,,1988-12-27,,,,1200.0
1823,,1988-12-28,,,,1120.0
1824,,1988-12-29,,,,1120.0
1825,,1988-12-30,,,,1100.0
1826,,1988-12-31,,,,1280.0
1827,,1989-01-01,,,,1180.0
1828,,1989-01-02,,,,1190.0
1829,,1989-01-03,,,,1120.0
1830,,1989-01-04,,,,1650.0
1831,,1989-01-05,,,,1380.0
1832,,1989-01-06,,,,1330.0
1833,,1989-01-07,,,,1210.0
1834,,1989-01-08,,,,1200.0
1835,,1989-01-09,,,,1170.0
1836,,1989-01-10,,,,1160.0
1837,,1989-01-11,,,,1160.0
1838,,1989-01-12,,,,1100.0
1839,,1989-01-13,,,,1170.0
1840,,1989-01-14,,,,1230.0
1841,,1989-01-15,,,,1260.0
1842,,1989-01-16,,,,1400.0
1843,,1989-01-17,,,,1590.0
1844,,1989-01-18,,,,1560.0
1845,,1989-01-19,,,,1490.0
1846,,1989-01-20,,,,1430.0
1847,,1989-01-21,,,,1430.0
1848,,1989-01-22,,,,1450.0
1849,,1989-01-23,,,,1430.0
1850,,1989-01-24,,,,1410.0
1851,,1989-01-25,,,,1330.0
1852,,1989-01-26,,,,1200.0
1853,,1989-01-27,,,,1250.0
1854,,1989-01-28,,,,1130.0
1855,,1989-01-29,,,,1190.0
1856,,1989-01-30,,,,1650.0
1857,,1989-01-31,,,,2260.0
1858,,1989-02-01,,,,1470.0
1859,,1989-02-02,,,,1160.0
1860,,1989-02-03,,,,1010.0
1861,,1989-02-04,,,,964.0
1862,,1989-02-05,,,,982.0
1863,,1989-02-06,,,,994.0
1864,,1989-02-07,,,,982.0
1865,,1989-02-08,,,,984.0
1866,,1989-02-09,,,,994.0
1867,,1989-02-10,,,,1000.0
1868,,1989-02-11,,,,1010.0
1869,,1989-02-12,,,,999.0
1870,,1989-02-13,,,,996.0
1871,,1989-02-14,,,,1010.0
1872,,1989-02-15,,,,1010.0
1873,,1989-02-16,,,,1000.0
1874,,1989-02-17,,,,978.0
1875,,1989-02-18,,,,949.0
1876,,1989-02-19,,,,943.0
1877,,1989-02-20,,,,939.0
1878,,1989-02-21,,,,938.0
1879,,1989-02-22,,,,1050.0
1880,,1989-02-23,,,,1100.0
1881,,1989-02-24,,,,1050.0
1882,,1989-02-25,,,,1030.0
1883,,1989-02-26,,,,1010.0
1884,,1989-02-27,,,,1000.0
1885,,1989-02-28,,,,982.0
1886,,1989-03-01,,,,945.0
1887,,1989-03-02,,,,891.0
1888,,1989-03-03,,,,879.0
1889,,1989-03-04,,,,881.0
1890,,1989-03-05,,,,910.0
1891,,1989-03-06,,,,1020.0
1892,,1989-03-07,,,,963.0
1893,,1989-03-08,,,,982.0
1894,,1989-03-09,,,,968.0
1895,,1989-03-10,,,,1090.0
1896,,1989-03-11,,,,1120.0
1897,,1989-03-12,,,,1210.0
1898,,1989-03-13,,,,1310.0
1899,,1989-03-14,,,,1240.0
1900,,1989-03-15,,,,1150.0
1901,,1989-03-16,,,,1040.0
1902,,1989-03-17,,,,1090.0
1903,,1989-03-18,,,,961.0
1904,,1989-03-19,,,,1010.0
1905,,1989-03-20,,,,998.0
1906,,1989-03-21,,,,974.0
1907,,1989-03-22,,,,1090.0
1908,,1989-03-23,,,,1000.0
1909,,1989-03-24,,,,966.0
1910,,1989-03-25,,,,1010.0
1911,,1989-03-26,,,,1080.0
1912,,1989-03-27,,,,1220.0
1913,,1989-03-28,,,,1330.0
1914,,1989-03-29,,,,1300.0
1915,,1989-03-30,,,,1300.0
1916,,1989-03-31,,,,1330.0
1917,,1989-04-01,,,,1270.0
1918,,1989-04-02,,,,1370.0
1919,,1989-04-03,,,,1480.0
1920,,1989-04-04,,,,1590.0
1921,,1989-04-05,,,,1710.0
1922,,1989-04-06,,,,1930.0
1923,,1989-04-07,,,,1980.0
1924,,1989-04-08,,,,1950.0
1925,,1989-04-09,,,,1930.0
1926,,1989-04-10,,,,1730.0
1927,,1989-04-11,,,,1710.0
1928,,1989-04-12,,,,1750.0
1929,,1989-04-13,,,,1830.0
1930,,1989-04-14,,,,1840.0
1931,,1989-04-15,,,,2030.0
1932,,1989-04-16,,,,2180.0
1933,,1989-04-17,,,,2220.0
1934,,1989-04-18,,,,2290.0
1935,,1989-04-19,,,,2360.0
1936,,1989-04-20,,,,2530.0
1937,,1989-04-21,,,,2780.0
1938,,1989-04-22,,,,2780.0
1939,,1989-04-23,,,,3000.0
1940,,1989-04-24,,,,3250.0
1941,,1989-04-25,,,,3470.0
1942,,1989-04-26,,,,3550.0
1943,,1989-04-27,,,,3540.0
1944,,1989-04-28,,,,3560.0
1945,,1989-04-29,,,,3640.0
1946,,1989-04-30,,,,3830.0
1947,,1989-05-01,,,,4050.0
1948,,1989-05-02,,,,4190.0
1949,,1989-05-03,,,,4480.0
1950,,1989-05-04,,,,4820.0
1951,,1989-05-05,,,,5080.0
1952,,1989-05-06,,,,5290.0
1953,,1989-05-07,,,,5640.0
1954,,1989-05-08,,,,5910.0
1955,,1989-05-09,,,,6200.0
1956,,1989-05-10,,,,6540.0
1957,,1989-05-11,,,,6770.0
1958,,1989-05-12,,,,6800.0
1959,,1989-05-13,,,,6910.0
1960,,1989-05-14,,,,6970.0
1961,,1989-05-15,,,,6780.0
1962,,1989-05-16,,,,6440.0
1963,,1989-05-17,,,,6070.0
1964,,1989-05-18,,,,5840.0
1965,,1989-05-19,,,,5690.0
1966,,1989-05-20,,,,5640.0
1967,,1989-05-21,,,,5650.0
1968,,1989-05-22,,,,5690.0
1969,,1989-05-23,,,,5530.0
1970,,1989-05-24,,,,5290.0
1971,,1989-05-25,,,,4930.0
1972,,1989-05-26,,,,4620.0
1973,,1989-05-27,,,,4480.0
1974,,1989-05-28,,,,4580.0
1975,,1989-05-29,,,,4640.0
1976,,1989-05-30,,,,4670.0
1977,,1989-05-31,,,,4790.0
1978,,1989-06-01,,,,5110.0
1979,,1989-06-02,,,,5590.0
1980,,1989-06-03,,,,6110.0
1981,,1989-06-04,,,,6540.0
1982,,1989-06-05,,,,7030.0
1983,,1989-06-06,,,,7500.0
1984,,1989-06-07,,,,7680.0
1985,,1989-06-08,,,,7790.0
1986,,1989-06-09,,,,7980.0
1987,,1989-06-10,,,,7970.0
1988,,1989-06-11,,,,7790.0
1989,,1989-06-12,,,,7700.0
1990,,1989-06-13,,,,7800.0
1991,,1989-06-14,,,,7880.0
1992,,1989-06-15,,,,7910.0
1993,,1989-06-16,,,,7850.0
1994,,1989-06-17,,,,7830.0
1995,,1989-06-18,,,,7940.0
1996,,1989-06-19,,,,7920.0
1997,,1989-06-20,,,,7640.0
1998,,1989-06-21,,,,7130.0
1999,,1989-06-22,,,,6670.0
2000,,1989-06-23,,,,6290.0
2001,,1989-06-24,,,,6040.0
2002,,1989-06-25,,,,5880.0
2003,,1989-06-26,,,,5800.0
2004,,1989-06-27,,,,5770.0
2005,,1989-06-28,,,,5740.0
2006,,1989-06-29,,,,5700.0
2007,,1989-06-30,,,,5790.0
2008,,1989-07-01,,,,5790.0
2009,,1989-07-02,,,,5600.0
2010,,1989-07-03,,,,5320.0
2011,,1989-07-04,,,,5140.0
2012,,1989-07-05,,,,5060.0
2013,,1989-07-06,,,,5040.0
2014,,1989-07-07,,,,4950.0
2015,,1989-07-08,,,,4830.0
2016,,1989-07-09,,,,4630.0
2017,,1989-07-10,,,,4440.0
2018,,1989-07-11,,,,4330.0
2019,,1989-07-12,,,,4300.0
2020,,1989-07-13,,,,4320.0
2021,,1989-07-14,,,,4360.0
2022,,1989-07-15,,,,4370.0
2023,,1989-07-16,,,,4450.0
2024,,1989-07-17,,,,4500.0
2025,,1989-07-18,,,,4590.0
2026,,1989-07-19,,,,4680.0
2027,,1989-07-20,,,,4750.0
2028,,1989-07-21,,,,4670.0
2029,,1989-07-22,,,,4530.0
2030,,1989-07-23,,,,4350.0
2031,55.0,1989-07-24,3.551494349999998,62.31820314999989,4.007333185232471,4210.0
2032,,1989-07-25,,,,4080.0
2033,,1989-07-26,,,,3960.0
2034,,1989-07-27,,,,3800.0
2035,,1989-07-28,,,,3660.0
2036,,1989-07-29,,,,3540.0
2037,,1989-07-30,,,,3450.0
2038,,1989-07-31,,,,3420.0
2039,,1989-08-01,,,,3450.0
2040,,1989-08-02,,,,3530.0
2041,,1989-08-03,,,,3660.0
2042,,1989-08-04,,,,3680.0
2043,,1989-08-05,,,,3760.0
2044,,1989-08-06,,,,3960.0
2045,,1989-08-07,,,,4280.0
2046,,1989-08-08,,,,4190.0
2047,,1989-08-09,,,,3910.0
2048,,1989-08-10,,,,3760.0
2049,,1989-08-11,,,,3700.0
2050,,1989-08-12,,,,3660.0
2051,,1989-08-13,,,,3610.0
2052,,1989-08-14,,,,3550.0
2053,,1989-08-15,,,,3410.0
2054,,1989-08-16,,,,3390.0
2055,,1989-08-17,,,,3330.0
2056,,1989-08-18,,,,3310.0
2057,,1989-08-19,,,,3300.0
2058,,1989-08-20,,,,3270.0
2059,,1989-08-21,,,,3340.0
2060,,1989-08-22,,,,3470.0
2061,,1989-08-23,,,,3440.0
2062,,1989-08-24,,,,3460.0
2063,,1989-08-25,,,,3500.0
2064,,1989-08-26,,,,3580.0
2065,,1989-08-27,,,,3610.0
2066,,1989-08-28,,,,3450.0
2067,,1989-08-29,,,,3270.0
2068,,1989-08-30,,,,3120.0
2069,,1989-08-31,,,,2960.0
2070,,1989-09-01,,,,2840.0
2071,,1989-09-02,,,,2770.0
2072,,1989-09-03,,,,2680.0
2073,,1989-09-04,,,,2600.0
2074,,1989-09-05,,,,2530.0
2075,,1989-09-06,,,,2490.0
2076,,1989-09-07,,,,2450.0
2077,,1989-09-08,,,,2400.0
2078,,1989-09-09,,,,2380.0
2079,3.0,1989-09-10,3.472281149999999,61.99152294999992,1.0986122886681098,2390.0
2080,,1989-09-11,,,,2330.0
2081,,1989-09-12,,,,2320.0
2082,,1989-09-13,,,,2210.0
2083,,1989-09-14,,,,2130.0
2084,,1989-09-15,,,,2050.0
2085,,1989-09-16,,,,2040.0
2086,,1989-09-17,,,,2030.0
2087,,1989-09-18,,,,2020.0
2088,,1989-09-19,,,,1940.0
2089,,1989-09-20,,,,1890.0
2090,,1989-09-21,,,,1820.0
2091,,1989-09-22,,,,1750.0
2092,,1989-09-23,,,,1670.0
2093,,1989-09-24,,,,1790.0
2094,,1989-09-25,,,,1800.0
2095,,1989-09-26,,,,1800.0
2096,,1989-09-27,,,,1740.0
2097,,1989-09-28,,,,1730.0
2098,,1989-09-29,,,,1710.0
2099,,1989-09-30,,,,1680.0
2100,,1989-10-01,,,,1770.0
2101,,1989-10-02,,,,1780.0
2102,,1989-10-03,,,,1750.0
2103,,1989-10-04,,,,1740.0
2104,,1989-10-05,,,,1790.0
2105,,1989-10-06,,,,1730.0
2106,,1989-10-07,,,,1660.0
2107,,1989-10-08,,,,1650.0
2108,,1989-10-09,,,,1530.0
2109,,1989-10-10,,,,1580.0
2110,,1989-10-11,,,,1540.0
2111,,1989-10-12,,,,1860.0
2112,,1989-10-13,,,,1770.0
2113,,1989-10-14,,,,1720.0
2114,,1989-10-15,,,,1730.0
2115,,1989-10-16,,,,1670.0
2116,,1989-10-17,,,,1640.0
2117,,1989-10-18,,,,1610.0
2118,,1989-10-19,,,,1670.0
2119,,1989-10-20,,,,1630.0
2120,,1989-10-21,,,,1720.0
2121,,1989-10-22,,,,1750.0
2122,,1989-10-23,,,,1960.0
2123,,1989-10-24,,,,2240.0
2124,,1989-10-25,,,,2200.0
2125,,1989-10-26,,,,2130.0
2126,,1989-10-27,,,,2160.0
2127,,1989-10-28,,,,2120.0
2128,,1989-10-29,,,,2030.0
2129,,1989-10-30,,,,1960.0
2130,,1989-10-31,,,,1940.0
2131,,1989-11-01,,,,1860.0
2132,,1989-11-02,,,,1810.0
2133,,1989-11-03,,,,1750.0
2134,,1989-11-04,,,,2370.0
2135,,1989-11-05,,,,2070.0
2136,,1989-11-06,,,,2220.0
2137,,1989-11-07,,,,2890.0
2138,,1989-11-08,,,,2910.0
2139,,1989-11-09,,,,3960.0
2140,,1989-11-10,,,,5630.0
2141,,1989-11-11,,,,5090.0
2142,,1989-11-12,,,,3840.0
2143,,1989-11-13,,,,3430.0
2144,,1989-11-14,,,,3500.0
2145,,1989-11-15,,,,3340.0
2146,,1989-11-16,,,,3040.0
2147,,1989-11-17,,,,2800.0
2148,,1989-11-18,,,,2540.0
2149,,1989-11-19,,,,2540.0
2150,,1989-11-20,,,,2880.0
2151,,1989-11-21,,,,3290.0
2152,,1989-11-22,,,,3050.0
2153,,1989-11-23,,,,3090.0
2154,,1989-11-24,,,,2990.0
2155,,1989-11-25,,,,2740.0
2156,,1989-11-26,,,,2560.0
2157,,1989-11-27,,,,2410.0
2158,,1989-11-28,,,,2310.0
2159,,1989-11-29,,,,2140.0
2160,,1989-11-30,,,,2080.0
2161,,1989-12-01,,,,1940.0
2162,,1989-12-02,,,,1930.0
2163,,1989-12-03,,,,2210.0
2164,,1989-12-04,,,,3360.0
2165,,1989-12-05,,,,3540.0
2166,,1989-12-06,,,,2930.0
2167,,1989-12-07,,,,2590.0
2168,,1989-12-08,,,,2600.0
2169,,1989-12-09,,,,2530.0
2170,,1989-12-10,,,,2390.0
2171,,1989-12-11,,,,2220.0
2172,,1989-12-12,,,,2080.0
2173,,1989-12-13,,,,1960.0
2174,,1989-12-14,,,,1830.0
2175,,1989-12-15,,,,1760.0
2176,,1989-12-16,,,,1820.0
2177,,1989-12-17,,,,1770.0
2178,,1989-12-18,,,,1760.0
2179,,1989-12-19,,,,1760.0
2180,,1989-12-20,,,,1700.0
2181,,1989-12-21,,,,1560.0
2182,,1989-12-22,,,,1480.0
2183,,1989-12-23,,,,1370.0
2184,,1989-12-24,,,,1280.0
2185,,1989-12-25,,,,1250.0
2186,,1989-12-26,,,,1360.0
2187,,1989-12-27,,,,1440.0
2188,,1989-12-28,,,,1480.0
2189,,1989-12-29,,,,1800.0
2190,,1989-12-30,,,,2170.0
2191,,1989-12-31,,,,2310.0
2192,,1990-01-01,,,,2400.0
2193,,1990-01-02,,,,2270.0
2194,,1990-01-03,,,,2030.0
2195,,1990-01-04,,,,1860.0
2196,,1990-01-05,,,,1720.0
2197,,1990-01-06,,,,1960.0
2198,,1990-01-07,,,,1930.0
2199,,1990-01-08,,,,2030.0
2200,,1990-01-09,,,,1980.0
2201,,1990-01-10,,,,2120.0
2202,,1990-01-11,,,,1940.0
2203,,1990-01-12,,,,1790.0
2204,,1990-01-13,,,,1740.0
2205,,1990-01-14,,,,1670.0
2206,,1990-01-15,,,,1660.0
2207,,1990-01-16,,,,1700.0
2208,,1990-01-17,,,,1620.0
2209,,1990-01-18,,,,1520.0
2210,,1990-01-19,,,,1430.0
2211,,1990-01-20,,,,1400.0
2212,,1990-01-21,,,,1350.0
2213,,1990-01-22,,,,1440.0
2214,,1990-01-23,,,,1460.0
2215,,1990-01-24,,,,1480.0
2216,,1990-01-25,,,,1570.0
2217,,1990-01-26,,,,1480.0
2218,,1990-01-27,,,,1440.0
2219,,1990-01-28,,,,1480.0
2220,,1990-01-29,,,,1510.0
2221,,1990-01-30,,,,1440.0
2222,,1990-01-31,,,,1320.0
2223,,1990-02-01,,,,1200.0
2224,,1990-02-02,,,,1190.0
2225,,1990-02-03,,,,1250.0
2226,,1990-02-04,,,,1310.0
2227,,1990-02-05,,,,1300.0
2228,,1990-02-06,,,,1370.0
2229,,1990-02-07,,,,1370.0
2230,,1990-02-08,,,,1480.0
2231,,1990-02-09,,,,1500.0
2232,,1990-02-10,,,,2280.0
2233,,1990-02-11,,,,2690.0
2234,,1990-02-12,,,,2060.0
2235,,1990-02-13,,,,1820.0
2236,,1990-02-14,,,,1620.0
2237,,1990-02-15,,,,1520.0
2238,,1990-02-16,,,,1460.0
2239,,1990-02-17,,,,1330.0
2240,,1990-02-18,,,,1500.0
2241,,1990-02-19,,,,1270.0
2242,,1990-02-20,,,,1210.0
2243,,1990-02-21,,,,1300.0
2244,,1990-02-22,,,,1350.0
2245,,1990-02-23,,,,1390.0
2246,,1990-02-24,,,,1440.0
2247,,1990-02-25,,,,1380.0
2248,,1990-02-26,,,,1500.0
2249,,1990-02-27,,,,1450.0
2250,,1990-02-28,,,,1450.0
2251,,1990-03-01,,,,1390.0
2252,,1990-03-02,,,,1430.0
2253,,1990-03-03,,,,1460.0
2254,,1990-03-04,,,,1390.0
2255,,1990-03-05,,,,1320.0
2256,,1990-03-06,,,,1300.0
2257,,1990-03-07,,,,1270.0
2258,,1990-03-08,,,,1330.0
2259,,1990-03-09,,,,1310.0
2260,,1990-03-10,,,,1400.0
2261,,1990-03-11,,,,1430.0
2262,,1990-03-12,,,,1370.0
2263,,1990-03-13,,,,1330.0
2264,,1990-03-14,,,,1280.0
2265,,1990-03-15,,,,1290.0
2266,,1990-03-16,,,,1360.0
2267,,1990-03-17,,,,1350.0
2268,,1990-03-18,,,,1420.0
2269,,1990-03-19,,,,1460.0
2270,,1990-03-20,,,,1500.0
2271,,1990-03-21,,,,1560.0
2272,,1990-03-22,,,,1530.0
2273,,1990-03-23,,,,1500.0
2274,,1990-03-24,,,,1440.0
2275,,1990-03-25,,,,1430.0
2276,,1990-03-26,,,,1470.0
2277,,1990-03-27,,,,1480.0
2278,,1990-03-28,,,,1380.0
2279,,1990-03-29,,,,1470.0
2280,,1990-03-30,,,,1450.0
2281,,1990-03-31,,,,1530.0
2282,,1990-04-01,,,,1640.0
2283,,1990-04-02,,,,1740.0
2284,,1990-04-03,,,,1850.0
2285,,1990-04-04,,,,1920.0
2286,,1990-04-05,,,,1970.0
2287,,1990-04-06,,,,2110.0
2288,,1990-04-07,,,,2310.0
2289,,1990-04-08,,,,2420.0
2290,,1990-04-09,,,,2520.0
2291,,1990-04-10,,,,2500.0
2292,,1990-04-11,,,,2510.0
2293,,1990-04-12,,,,2610.0
2294,,1990-04-13,,,,2580.0
2295,,1990-04-14,,,,2540.0
2296,,1990-04-15,,,,2610.0
2297,,1990-04-16,,,,2770.0
2298,,1990-04-17,,,,3000.0
2299,,1990-04-18,,,,3210.0
2300,,1990-04-19,,,,3380.0
2301,,1990-04-20,,,,3590.0
2302,,1990-04-21,,,,3820.0
2303,,1990-04-22,,,,4110.0
2304,,1990-04-23,,,,4500.0
2305,,1990-04-24,,,,4970.0
2306,,1990-04-25,,,,5240.0
2307,,1990-04-26,,,,5550.0
2308,,1990-04-27,,,,5720.0
2309,,1990-04-28,,,,5720.0
2310,,1990-04-29,,,,5500.0
2311,,1990-04-30,,,,5120.0
2312,,1990-05-01,,,,4720.0
2313,,1990-05-02,,,,4380.0
2314,,1990-05-03,,,,4210.0
2315,,1990-05-04,,,,4220.0
2316,,1990-05-05,,,,4420.0
2317,,1990-05-06,,,,4830.0
2318,,1990-05-07,,,,5010.0
2319,,1990-05-08,,,,5250.0
2320,,1990-05-09,,,,5670.0
2321,,1990-05-10,,,,5860.0
2322,,1990-05-11,,,,5750.0
2323,,1990-05-12,,,,5560.0
2324,,1990-05-13,,,,5380.0
2325,,1990-05-14,,,,5310.0
2326,,1990-05-15,,,,5240.0
2327,,1990-05-16,,,,5110.0
2328,,1990-05-17,,,,4970.0
2329,,1990-05-18,,,,4910.0
2330,,1990-05-19,,,,4920.0
2331,,1990-05-20,,,,5020.0
2332,,1990-05-21,,,,5240.0
2333,,1990-05-22,,,,5380.0
2334,,1990-05-23,,,,5540.0
2335,,1990-05-24,,,,5660.0
2336,,1990-05-25,,,,5810.0
2337,,1990-05-26,,,,5880.0
2338,,1990-05-27,,,,6020.0
2339,,1990-05-28,,,,6370.0
2340,,1990-05-29,,,,6900.0
2341,,1990-05-30,,,,7230.0
2342,,1990-05-31,,,,7510.0
2343,,1990-06-01,,,,7840.0
2344,,1990-06-02,,,,8110.0
2345,,1990-06-03,,,,8570.0
2346,,1990-06-04,,,,9680.0
2347,,1990-06-05,,,,10100.0
2348,,1990-06-06,,,,9770.0
2349,,1990-06-07,,,,9350.0
2350,,1990-06-08,,,,8920.0
2351,,1990-06-09,,,,8420.0
2352,,1990-06-10,,,,8260.0
2353,,1990-06-11,,,,8210.0
2354,,1990-06-12,,,,8200.0
2355,,1990-06-13,,,,8330.0
2356,,1990-06-14,,,,9090.0
2357,,1990-06-15,,,,10100.0
2358,,1990-06-16,,,,10800.0
2359,,1990-06-17,,,,10800.0
2360,,1990-06-18,,,,10200.0
2361,,1990-06-19,,,,9680.0
2362,,1990-06-20,,,,9460.0
2363,,1990-06-21,,,,9280.0
2364,,1990-06-22,,,,9310.0
2365,,1990-06-23,,,,9420.0
2366,,1990-06-24,,,,9540.0
2367,,1990-06-25,,,,9550.0
2368,,1990-06-26,,,,9630.0
2369,,1990-06-27,,,,9750.0
2370,,1990-06-28,,,,9580.0
2371,,1990-06-29,,,,9220.0
2372,,1990-06-30,,,,8860.0
2373,,1990-07-01,,,,8530.0
2374,,1990-07-02,,,,8310.0
2375,,1990-07-03,,,,8190.0
2376,,1990-07-04,,,,8040.0
2377,,1990-07-05,,,,7950.0
2378,,1990-07-06,,,,7890.0
2379,,1990-07-07,,,,7920.0
2380,,1990-07-08,,,,7860.0
2381,,1990-07-09,,,,7750.0
2382,,1990-07-10,,,,7740.0
2383,,1990-07-11,,,,7720.0
2384,,1990-07-12,,,,7670.0
2385,,1990-07-13,,,,7650.0
2386,,1990-07-14,,,,7580.0
2387,,1990-07-15,,,,7480.0
2388,,1990-07-16,,,,7500.0
2389,,1990-07-17,,,,7470.0
2390,,1990-07-18,,,,7190.0
2391,,1990-07-19,,,,6790.0
2392,153.0,1990-07-20,4.624118924999999,148.348596225,5.030437921392435,6260.0
2393,,1990-07-21,,,,6020.0
2394,,1990-07-22,,,,5760.0
2395,,1990-07-23,,,,5500.0
2396,,1990-07-24,,,,5330.0
2397,,1990-07-25,,,,5180.0
2398,,1990-07-26,,,,5110.0
2399,,1990-07-27,,,,5140.0
2400,,1990-07-28,,,,5130.0
2401,,1990-07-29,,,,5080.0
2402,,1990-07-30,,,,5050.0
2403,,1990-07-31,,,,4990.0
2404,,1990-08-01,,,,4890.0
2405,,1990-08-02,,,,4750.0
2406,,1990-08-03,,,,4680.0
2407,,1990-08-04,,,,4610.0
2408,,1990-08-05,,,,4520.0
2409,,1990-08-06,,,,4420.0
2410,,1990-08-07,,,,4240.0
2411,,1990-08-08,,,,4080.0
2412,,1990-08-09,,,,3940.0
2413,,1990-08-10,,,,3900.0
2414,,1990-08-11,,,,3890.0
2415,24.0,1990-08-12,3.856876350000002,88.27778075000012,3.1780538303479458,3820.0
2416,,1990-08-13,,,,3750.0
2417,,1990-08-14,,,,3710.0
2418,,1990-08-15,,,,3730.0
2419,,1990-08-16,,,,3770.0
2420,,1990-08-17,,,,3810.0
2421,,1990-08-18,,,,3830.0
2422,,1990-08-19,,,,3720.0
2423,,1990-08-20,,,,3620.0
2424,,1990-08-21,,,,3510.0
2425,,1990-08-22,,,,3400.0
2426,,1990-08-23,,,,3290.0
2427,,1990-08-24,,,,3160.0
2428,,1990-08-25,,,,3100.0
2429,,1990-08-26,,,,3050.0
2430,,1990-08-27,,,,2950.0
2431,32.0,1990-08-28,3.008980949999997,12.817196649999772,3.4657359027997265,2820.0
2432,,1990-08-29,,,,2670.0
2433,,1990-08-30,,,,2550.0
2434,,1990-08-31,,,,2580.0
2435,,1990-09-01,,,,2490.0
2436,,1990-09-02,,,,2430.0
2437,,1990-09-03,,,,2470.0
2438,,1990-09-04,,,,2480.0
2439,,1990-09-05,,,,2470.0
2440,294.0,1990-09-06,3.005925975000002,15.802451450000234,5.683579767338681,2470.0
2441,,1990-09-07,,,,2360.0
2442,,1990-09-08,,,,2310.0
2443,,1990-09-09,,,,2250.0
2444,,1990-09-10,,,,2200.0
2445,,1990-09-11,,,,2180.0
2446,,1990-09-12,,,,2140.0
2447,18.0,1990-09-13,2.8823417999999985,18.821936874999892,2.8903717578961645,2040.0
2448,,1990-09-14,,,,2090.0
2449,,1990-09-15,,,,2060.0
2450,,1990-09-16,,,,2060.0
2451,,1990-09-17,,,,2150.0
2452,,1990-09-18,,,,2080.0
2453,,1990-09-19,,,,2090.0
2454,,1990-09-20,,,,2050.0
2455,,1990-09-21,,,,2010.0
2456,14.0,1990-09-22,2.4049662749999987,-21.99540315000013,2.6390573296152584,2020.0
2457,,1990-09-23,,,,1980.0
2458,,1990-09-24,,,,1930.0
2459,,1990-09-25,,,,1840.0
2460,,1990-09-26,,,,1790.0
2461,,1990-09-27,,,,1770.0
2462,,1990-09-28,,,,1800.0
2463,,1990-09-29,,,,1780.0
2464,,1990-09-30,,,,1780.0
2465,,1990-10-01,,,,1800.0
2466,,1990-10-02,,,,1740.0
2467,,1990-10-03,,,,1720.0
2468,,1990-10-04,,,,2860.0
2469,,1990-10-05,,,,3020.0
2470,,1990-10-06,,,,2290.0
2471,,1990-10-07,,,,2080.0
2472,,1990-10-08,,,,1990.0
2473,,1990-10-09,,,,1890.0
2474,,1990-10-10,,,,2020.0
2475,,1990-10-11,,,,1950.0
2476,,1990-10-12,,,,1930.0
2477,,1990-10-13,,,,2330.0
2478,,1990-10-14,,,,2240.0
2479,,1990-10-15,,,,2070.0
2480,,1990-10-16,,,,1990.0
2481,,1990-10-17,,,,1870.0
2482,,1990-10-18,,,,1890.0
2483,,1990-10-19,,,,1870.0
2484,,1990-10-20,,,,1710.0
2485,,1990-10-21,,,,1670.0
2486,,1990-10-22,,,,1720.0
2487,,1990-10-23,,,,1620.0
2488,,1990-10-24,,,,1590.0
2489,,1990-10-25,,,,1640.0
2490,,1990-10-26,,,,2600.0
2491,,1990-10-27,,,,2230.0
2492,,1990-10-28,,,,2410.0
2493,,1990-10-29,,,,2470.0
2494,,1990-10-30,,,,2690.0
2495,,1990-10-31,,,,2710.0
2496,,1990-11-01,,,,2630.0
2497,,1990-11-02,,,,2470.0
2498,,1990-11-03,,,,2390.0
2499,,1990-11-04,,,,2320.0
2500,,1990-11-05,,,,2270.0
2501,,1990-11-06,,,,2130.0
2502,,1990-11-07,,,,2010.0
2503,,1990-11-08,,,,1960.0
2504,,1990-11-09,,,,2890.0
2505,,1990-11-10,,,,5360.0
2506,,1990-11-11,,,,6040.0
2507,,1990-11-12,,,,5110.0
2508,,1990-11-13,,,,5330.0
2509,,1990-11-14,,,,5510.0
2510,,1990-11-15,,,,4580.0
2511,,1990-11-16,,,,4070.0
2512,,1990-11-17,,,,4100.0
2513,,1990-11-18,,,,4150.0
2514,,1990-11-19,,,,3850.0
2515,,1990-11-20,,,,3530.0
2516,,1990-11-21,,,,3200.0
2517,,1990-11-22,,,,3120.0
2518,,1990-11-23,,,,4110.0
2519,,1990-11-24,,,,6090.0
2520,,1990-11-25,,,,4760.0
2521,,1990-11-26,,,,3780.0
2522,,1990-11-27,,,,3240.0
2523,,1990-11-28,,,,2870.0
2524,,1990-11-29,,,,2720.0
2525,,1990-11-30,,,,2740.0
2526,,1990-12-01,,,,2520.0
2527,,1990-12-02,,,,2440.0
2528,,1990-12-03,,,,2080.0
2529,,1990-12-04,,,,2690.0
2530,,1990-12-05,,,,2940.0
2531,,1990-12-06,,,,2670.0
2532,,1990-12-07,,,,2480.0
2533,,1990-12-08,,,,2360.0
2534,,1990-12-09,,,,2520.0
2535,,1990-12-10,,,,2570.0
2536,,1990-12-11,,,,2460.0
2537,,1990-12-12,,,,2270.0
2538,,1990-12-13,,,,2160.0
2539,,1990-12-14,,,,2010.0
2540,,1990-12-15,,,,1970.0
2541,,1990-12-16,,,,1910.0
2542,,1990-12-17,,,,1780.0
2543,,1990-12-18,,,,1900.0
2544,,1990-12-19,,,,1650.0
2545,,1990-12-20,,,,1510.0
2546,,1990-12-21,,,,1370.0
2547,,1990-12-22,,,,1310.0
2548,,1990-12-23,,,,1250.0
2549,,1990-12-24,,,,1190.0
2550,,1990-12-25,,,,1180.0
2551,,1990-12-26,,,,1190.0
2552,,1990-12-27,,,,1160.0
2553,,1990-12-28,,,,1090.0
2554,,1990-12-29,,,,1050.0
2555,,1990-12-30,,,,1030.0
2556,,1990-12-31,,,,1070.0
2557,,1991-01-01,,,,1130.0
2558,,1991-01-02,,,,1060.0
2559,,1991-01-03,,,,1010.0
2560,,1991-01-04,,,,980.0
2561,,1991-01-05,,,,960.0
2562,,1991-01-06,,,,950.0
2563,,1991-01-07,,,,940.0
2564,,1991-01-08,,,,930.0
2565,,1991-01-09,,,,920.0
2566,,1991-01-10,,,,940.0
2567,,1991-01-11,,,,1330.0
2568,,1991-01-12,,,,1860.0
2569,,1991-01-13,,,,2190.0
2570,,1991-01-14,,,,2030.0
2571,,1991-01-15,,,,1960.0
2572,,1991-01-16,,,,1730.0
2573,,1991-01-17,,,,1620.0
2574,,1991-01-18,,,,1620.0
2575,,1991-01-19,,,,1620.0
2576,,1991-01-20,,,,1600.0
2577,,1991-01-21,,,,1500.0
2578,,1991-01-22,,,,1430.0
2579,,1991-01-23,,,,1350.0
2580,,1991-01-24,,,,1370.0
2581,,1991-01-25,,,,1350.0
2582,,1991-01-26,,,,1330.0
2583,,1991-01-27,,,,1300.0
2584,,1991-01-28,,,,1240.0
2585,,1991-01-29,,,,1200.0
2586,,1991-01-30,,,,1170.0
2587,,1991-01-31,,,,1210.0
2588,,1991-02-01,,,,1230.0
2589,,1991-02-02,,,,2270.0
2590,,1991-02-03,,,,2720.0
2591,,1991-02-04,,,,2550.0
2592,,1991-02-05,,,,3650.0
2593,,1991-02-06,,,,3100.0
2594,,1991-02-07,,,,2640.0
2595,,1991-02-08,,,,2470.0
2596,,1991-02-09,,,,2500.0
2597,,1991-02-10,,,,2420.0
2598,,1991-02-11,,,,2290.0
2599,,1991-02-12,,,,2350.0
2600,,1991-02-13,,,,2450.0
2601,,1991-02-14,,,,2350.0
2602,,1991-02-15,,,,2540.0
2603,,1991-02-16,,,,2710.0
2604,,1991-02-17,,,,2500.0
2605,,1991-02-18,,,,2380.0
2606,,1991-02-19,,,,2690.0
2607,,1991-02-20,,,,3040.0
2608,,1991-02-21,,,,3350.0
2609,,1991-02-22,,,,2880.0
2610,,1991-02-23,,,,2550.0
2611,,1991-02-24,,,,2390.0
2612,,1991-02-25,,,,2290.0
2613,,1991-02-26,,,,2190.0
2614,,1991-02-27,,,,2070.0
2615,,1991-02-28,,,,1980.0
2616,,1991-03-01,,,,1750.0
2617,,1991-03-02,,,,1880.0
2618,,1991-03-03,,,,1890.0
2619,,1991-03-04,,,,1880.0
2620,,1991-03-05,,,,1740.0
2621,,1991-03-06,,,,1690.0
2622,,1991-03-07,,,,1610.0
2623,,1991-03-08,,,,1610.0
2624,,1991-03-09,,,,1680.0
2625,,1991-03-10,,,,1630.0
2626,,1991-03-11,,,,1570.0
2627,,1991-03-12,,,,1560.0
2628,,1991-03-13,,,,1480.0
2629,,1991-03-14,,,,1460.0
2630,,1991-03-15,,,,1400.0
2631,,1991-03-16,,,,1380.0
2632,22.0,1991-03-17,3.5581974749999987,77.42714864999985,3.091042453358316,1390.0
2633,,1991-03-18,,,,1360.0
2634,,1991-03-19,,,,1270.0
2635,,1991-03-20,,,,1310.0
2636,,1991-03-21,,,,1440.0
2637,,1991-03-22,,,,1440.0
2638,,1991-03-23,,,,1410.0
2639,,1991-03-24,,,,1340.0
2640,,1991-03-25,,,,1250.0
2641,,1991-03-26,,,,1300.0
2642,,1991-03-27,,,,1290.0
2643,,1991-03-28,,,,1310.0
2644,,1991-03-29,,,,1190.0
2645,,1991-03-30,,,,1260.0
2646,,1991-03-31,,,,1270.0
2647,,1991-04-01,,,,1340.0
2648,,1991-04-02,,,,1510.0
2649,,1991-04-03,,,,1510.0
2650,,1991-04-04,,,,2040.0
2651,,1991-04-05,,,,2130.0
2652,,1991-04-06,,,,2170.0
2653,,1991-04-07,,,,2160.0
2654,,1991-04-08,,,,2150.0
2655,,1991-04-09,,,,2250.0
2656,,1991-04-10,,,,2220.0
2657,,1991-04-11,,,,2190.0
2658,,1991-04-12,,,,2150.0
2659,,1991-04-13,,,,2130.0
2660,,1991-04-14,,,,2080.0
2661,,1991-04-15,,,,2200.0
2662,,1991-04-16,,,,2340.0
2663,,1991-04-17,,,,2480.0
2664,131.0,1991-04-18,5.704290187500002,262.9904136250001,4.875197323201151,2760.0
2665,,1991-04-19,,,,2990.0
2666,,1991-04-20,,,,3220.0
2667,,1991-04-21,,,,3560.0
2668,,1991-04-22,,,,3910.0
2669,,1991-04-23,,,,4160.0
2670,,1991-04-24,,,,4510.0
2671,,1991-04-25,,,,4800.0
2672,,1991-04-26,,,,4970.0
2673,,1991-04-27,,,,5190.0
2674,,1991-04-28,,,,5360.0
2675,,1991-04-29,,,,5330.0
2676,,1991-04-30,,,,5030.0
2677,,1991-05-01,,,,4720.0
2678,,1991-05-02,,,,4490.0
2679,,1991-05-03,,,,4400.0
2680,,1991-05-04,,,,4450.0
2681,,1991-05-05,,,,4570.0
2682,,1991-05-06,,,,4730.0
2683,,1991-05-07,,,,4880.0
2684,,1991-05-08,,,,4960.0
2685,,1991-05-09,,,,5040.0
2686,,1991-05-10,,,,5060.0
2687,,1991-05-11,,,,5240.0
2688,,1991-05-12,,,,5550.0
2689,,1991-05-13,,,,5790.0
2690,,1991-05-14,,,,5980.0
2691,,1991-05-15,,,,6210.0
2692,,1991-05-16,,,,6460.0
2693,,1991-05-17,,,,6720.0
2694,,1991-05-18,,,,6800.0
2695,,1991-05-19,,,,6910.0
2696,,1991-05-20,,,,7190.0
2697,,1991-05-21,,,,7390.0
2698,,1991-05-22,,,,7730.0
2699,,1991-05-23,,,,7980.0
2700,,1991-05-24,,,,8060.0
2701,,1991-05-25,,,,7910.0
2702,,1991-05-26,,,,7570.0
2703,,1991-05-27,,,,7210.0
2704,,1991-05-28,,,,6890.0
2705,,1991-05-29,,,,6690.0
2706,,1991-05-30,,,,6600.0
2707,,1991-05-31,,,,6530.0
2708,,1991-06-01,,,,6600.0
2709,,1991-06-02,,,,6840.0
2710,,1991-06-03,,,,7020.0
2711,,1991-06-04,,,,7040.0
2712,318.0,1991-06-05,4.8826252499999985,173.01900599999985,5.762051382780177,6920.0
2713,,1991-06-06,,,,6820.0
2714,,1991-06-07,,,,6760.0
2715,,1991-06-08,,,,6700.0
2716,,1991-06-09,,,,6610.0
2717,,1991-06-10,,,,6720.0
2718,,1991-06-11,,,,7180.0
2719,,1991-06-12,,,,7470.0
2720,,1991-06-13,,,,7440.0
2721,,1991-06-14,,,,7620.0
2722,,1991-06-15,,,,7860.0
2723,,1991-06-16,,,,7800.0
2724,,1991-06-17,,,,7620.0
2725,,1991-06-18,,,,7360.0
2726,,1991-06-19,,,,7220.0
2727,,1991-06-20,,,,7280.0
2728,,1991-06-21,,,,7380.0
2729,,1991-06-22,,,,7450.0
2730,,1991-06-23,,,,7560.0
2731,,1991-06-24,,,,7760.0
2732,,1991-06-25,,,,8010.0
2733,,1991-06-26,,,,8140.0
2734,,1991-06-27,,,,8160.0
2735,,1991-06-28,,,,8280.0
2736,,1991-06-29,,,,8380.0
2737,,1991-06-30,,,,8340.0
2738,,1991-07-01,,,,8260.0
2739,,1991-07-02,,,,8270.0
2740,,1991-07-03,,,,8560.0
2741,,1991-07-04,,,,8890.0
2742,,1991-07-05,,,,8630.0
2743,,1991-07-06,,,,8480.0
2744,230.0,1991-07-07,4.814235224999997,168.39179852499976,5.438079308923196,8300.0
2745,,1991-07-08,,,,8150.0
2746,,1991-07-09,,,,7950.0
2747,,1991-07-10,,,,7720.0
2748,,1991-07-11,,,,7440.0
2749,,1991-07-12,,,,7220.0
2750,,1991-07-13,,,,7130.0
2751,,1991-07-14,,,,7130.0
2752,,1991-07-15,,,,7090.0
2753,,1991-07-16,,,,7040.0
2754,,1991-07-17,,,,7070.0
2755,,1991-07-18,,,,7050.0
2756,,1991-07-19,,,,6860.0
2757,,1991-07-20,,,,6640.0
2758,,1991-07-21,,,,6490.0
2759,,1991-07-22,,,,6340.0
2760,103.0,1991-07-23,3.9185302499999963,87.62683154999972,4.634728988229636,6180.0
2761,,1991-07-24,,,,5980.0
2762,,1991-07-25,,,,5860.0
2763,,1991-07-26,,,,5750.0
2764,,1991-07-27,,,,5680.0
2765,,1991-07-28,,,,5770.0
2766,,1991-07-29,,,,5880.0
2767,99.0,1991-07-30,4.592117175000002,143.49731270000035,4.59511985013459,5980.0
2768,,1991-07-31,,,,5970.0
2769,,1991-08-01,,,,5890.0
2770,,1991-08-02,,,,5650.0
2771,,1991-08-03,,,,5340.0
2772,,1991-08-04,,,,4980.0
2773,,1991-08-05,,,,4710.0
2774,,1991-08-06,,,,4570.0
2775,,1991-08-07,,,,4500.0
2776,,1991-08-08,,,,4510.0
2777,,1991-08-09,,,,4630.0
2778,,1991-08-10,,,,5000.0
2779,,1991-08-11,,,,5450.0
2780,,1991-08-12,,,,5650.0
2781,,1991-08-13,,,,5790.0
2782,,1991-08-14,,,,5810.0
2783,170.0,1991-08-15,4.40872215,139.68335529999996,5.135798437050262,5780.0
2784,,1991-08-16,,,,5680.0
2785,,1991-08-17,,,,5600.0
2786,,1991-08-18,,,,5570.0
2787,,1991-08-19,,,,5510.0
2788,,1991-08-20,,,,5380.0
2789,,1991-08-21,,,,5270.0
2790,,1991-08-22,,,,5160.0
2791,,1991-08-23,,,,5020.0
2792,,1991-08-24,,,,4830.0
2793,,1991-08-25,,,,4530.0
2794,,1991-08-26,,,,4120.0
2795,,1991-08-27,,,,3860.0
2796,,1991-08-28,,,,3730.0
2797,,1991-08-29,,,,3730.0
2798,,1991-08-30,,,,4140.0
2799,,1991-08-31,,,,5430.0
2800,,1991-09-01,,,,5730.0
2801,,1991-09-02,,,,5430.0
2802,,1991-09-03,,,,5300.0
2803,,1991-09-04,,,,5470.0
2804,,1991-09-05,,,,5580.0
2805,,1991-09-06,,,,5250.0
2806,,1991-09-07,,,,4770.0
2807,,1991-09-08,,,,4290.0
2808,91.0,1991-09-09,4.768254674999998,157.06986125,4.51085950651685,3930.0
2809,,1991-09-10,,,,3670.0
2810,,1991-09-11,,,,3490.0
2811,,1991-09-12,,,,3330.0
2812,,1991-09-13,,,,3160.0
2813,,1991-09-14,,,,3060.0
2814,,1991-09-15,,,,2900.0
2815,78.0,1991-09-16,3.4843566750000003,56.67764954999997,4.356708826689592,2760.0
2816,,1991-09-17,,,,2710.0
2817,,1991-09-18,,,,2620.0
2818,,1991-09-19,,,,2560.0
2819,,1991-09-20,,,,2510.0
2820,,1991-09-21,,,,2470.0
2821,,1991-09-22,,,,2370.0
2822,,1991-09-23,,,,2330.0
2823,,1991-09-24,,,,2260.0
2824,38.0,1991-09-25,2.583032624999997,14.556753974999708,3.6375861597263857,2190.0
2825,,1991-09-26,,,,2090.0
2826,,1991-09-27,,,,2020.0
2827,,1991-09-28,,,,2010.0
2828,,1991-09-29,,,,2030.0
2829,,1991-09-30,,,,1980.0
2830,,1991-10-01,,,,1970.0
2831,,1991-10-02,,,,1930.0
2832,,1991-10-03,,,,1960.0
2833,,1991-10-04,,,,1890.0
2834,,1991-10-05,,,,1840.0
2835,,1991-10-06,,,,1810.0
2836,,1991-10-07,,,,1760.0
2837,,1991-10-08,,,,1710.0
2838,,1991-10-09,,,,1650.0
2839,,1991-10-10,,,,1590.0
2840,69.0,1991-10-11,2.233276349999998,-26.442890700000106,4.23410650459726,1520.0
2841,,1991-10-12,,,,1590.0
2842,,1991-10-13,,,,1590.0
2843,,1991-10-14,,,,1810.0
2844,,1991-10-15,,,,1850.0
2845,,1991-10-16,,,,1830.0
2846,,1991-10-17,,,,1750.0
2847,,1991-10-18,,,,1770.0
2848,,1991-10-19,,,,1950.0
2849,,1991-10-20,,,,1960.0
2850,,1991-10-21,,,,1960.0
2851,,1991-10-22,,,,1870.0
2852,,1991-10-23,,,,1850.0
2853,,1991-10-24,,,,1900.0
2854,,1991-10-25,,,,2150.0
2855,,1991-10-26,,,,2160.0
2856,,1991-10-27,,,,2000.0
2857,,1991-10-28,,,,1870.0
2858,,1991-10-29,,,,1770.0
2859,,1991-10-30,,,,1650.0
2860,,1991-10-31,,,,1530.0
2861,,1991-11-01,,,,1410.0
2862,,1991-11-02,,,,1320.0
2863,,1991-11-03,,,,1280.0
2864,,1991-11-04,,,,1290.0
2865,,1991-11-05,,,,1360.0
2866,,1991-11-06,,,,1440.0
2867,,1991-11-07,,,,1390.0
2868,,1991-11-08,,,,1480.0
2869,,1991-11-09,,,,1560.0
2870,,1991-11-10,,,,1570.0
2871,,1991-11-11,,,,1610.0
2872,,1991-11-12,,,,2100.0
2873,,1991-11-13,,,,2020.0
2874,,1991-11-14,,,,2010.0
2875,,1991-11-15,,,,1850.0
2876,,1991-11-16,,,,1780.0
2877,,1991-11-17,,,,2070.0
2878,,1991-11-18,,,,2190.0
2879,,1991-11-19,,,,1960.0
2880,,1991-11-20,,,,2640.0
2881,,1991-11-21,,,,2390.0
2882,,1991-11-22,,,,2260.0
2883,,1991-11-23,,,,2090.0
2884,,1991-11-24,,,,1940.0
2885,,1991-11-25,,,,2240.0
2886,,1991-11-26,,,,2170.0
2887,,1991-11-27,,,,2040.0
2888,,1991-11-28,,,,1950.0
2889,,1991-11-29,,,,1920.0
2890,,1991-11-30,,,,1750.0
2891,,1991-12-01,,,,1760.0
2892,,1991-12-02,,,,1730.0
2893,,1991-12-03,,,,1620.0
2894,,1991-12-04,,,,1650.0
2895,,1991-12-05,,,,1760.0
2896,,1991-12-06,,,,2360.0
2897,,1991-12-07,,,,2080.0
2898,,1991-12-08,,,,2060.0
2899,,1991-12-09,,,,2280.0
2900,,1991-12-10,,,,2230.0
2901,,1991-12-11,,,,2170.0
2902,,1991-12-12,,,,2140.0
2903,,1991-12-13,,,,2020.0
2904,,1991-12-14,,,,1930.0
2905,,1991-12-15,,,,1760.0
2906,,1991-12-16,,,,1700.0
2907,,1991-12-17,,,,1620.0
2908,,1991-12-18,,,,1530.0
2909,,1991-12-19,,,,1480.0
2910,,1991-12-20,,,,1650.0
2911,,1991-12-21,,,,1510.0
2912,,1991-12-22,,,,1460.0
2913,,1991-12-23,,,,1440.0
2914,,1991-12-24,,,,1450.0
2915,,1991-12-25,,,,1360.0
2916,,1991-12-26,,,,1490.0
2917,,1991-12-27,,,,1550.0
2918,,1991-12-28,,,,1490.0
2919,,1991-12-29,,,,1470.0
2920,,1991-12-30,,,,1550.0
2921,,1991-12-31,,,,1400.0
2922,,1992-01-01,,,,1290.0
2923,,1992-01-02,,,,1430.0
2924,,1992-01-03,,,,1390.0
2925,,1992-01-04,,,,1460.0
2926,,1992-01-05,,,,1520.0
2927,,1992-01-06,,,,1440.0
2928,,1992-01-07,,,,1410.0
2929,,1992-01-08,,,,1350.0
2930,,1992-01-09,,,,1280.0
2931,,1992-01-10,,,,1360.0
2932,,1992-01-11,,,,1590.0
2933,,1992-01-12,,,,1510.0
2934,,1992-01-13,,,,1460.0
2935,,1992-01-14,,,,1450.0
2936,,1992-01-15,,,,1450.0
2937,,1992-01-16,,,,1680.0
2938,,1992-01-17,,,,1600.0
2939,,1992-01-18,,,,1510.0
2940,,1992-01-19,,,,1480.0
2941,,1992-01-20,,,,1480.0
2942,,1992-01-21,,,,1560.0
2943,,1992-01-22,,,,1430.0
2944,,1992-01-23,,,,1500.0
2945,,1992-01-24,,,,2330.0
2946,,1992-01-25,,,,2080.0
2947,,1992-01-26,,,,1980.0
2948,,1992-01-27,,,,1770.0
2949,,1992-01-28,,,,2060.0
2950,,1992-01-29,,,,2380.0
2951,,1992-01-30,,,,2510.0
2952,,1992-01-31,,,,2870.0
2953,,1992-02-01,,,,3200.0
2954,,1992-02-02,,,,2960.0
2955,,1992-02-03,,,,2760.0
2956,,1992-02-04,,,,2620.0
2957,,1992-02-05,,,,2490.0
2958,,1992-02-06,,,,2420.0
2959,,1992-02-07,,,,2320.0
2960,,1992-02-08,,,,2220.0
2961,,1992-02-09,,,,2150.0
2962,,1992-02-10,,,,2120.0
2963,,1992-02-11,,,,2040.0
2964,,1992-02-12,,,,1890.0
2965,,1992-02-13,,,,1820.0
2966,,1992-02-14,,,,1750.0
2967,,1992-02-15,,,,1640.0
2968,,1992-02-16,,,,1530.0
2969,,1992-02-17,,,,1480.0
2970,,1992-02-18,,,,1590.0
2971,,1992-02-19,,,,1580.0
2972,,1992-02-20,,,,1500.0
2973,,1992-02-21,,,,1390.0
2974,,1992-02-22,,,,1910.0
2975,,1992-02-23,,,,1700.0
2976,,1992-02-24,,,,1650.0
2977,,1992-02-25,,,,1620.0
2978,,1992-02-26,,,,1620.0
2979,,1992-02-27,,,,1610.0
2980,,1992-02-28,,,,1620.0
2981,,1992-02-29,,,,1720.0
2982,,1992-03-01,,,,1780.0
2983,,1992-03-02,,,,1840.0
2984,,1992-03-03,,,,1880.0
2985,,1992-03-04,,,,1840.0
2986,,1992-03-05,,,,1900.0
2987,,1992-03-06,,,,1950.0
2988,,1992-03-07,,,,1950.0
2989,,1992-03-08,,,,1950.0
2990,,1992-03-09,,,,1930.0
2991,,1992-03-10,,,,1940.0
2992,,1992-03-11,,,,1990.0
2993,,1992-03-12,,,,1990.0
2994,,1992-03-13,,,,1980.0
2995,,1992-03-14,,,,1940.0
2996,,1992-03-15,,,,2040.0
2997,,1992-03-16,,,,2050.0
2998,,1992-03-17,,,,2260.0
2999,,1992-03-18,,,,2410.0
3000,,1992-03-19,,,,2500.0
3001,,1992-03-20,,,,2530.0
3002,,1992-03-21,,,,2500.0
3003,,1992-03-22,,,,2510.0
3004,,1992-03-23,,,,2510.0
3005,,1992-03-24,,,,2490.0
3006,,1992-03-25,,,,2450.0
3007,,1992-03-26,,,,2420.0
3008,,1992-03-27,,,,2450.0
3009,,1992-03-28,,,,2410.0
3010,,1992-03-29,,,,2340.0
3011,,1992-03-30,,,,2410.0
3012,,1992-03-31,,,,2430.0
3013,,1992-04-01,,,,2390.0
3014,,1992-04-02,,,,2370.0
3015,,1992-04-03,,,,2580.0
3016,,1992-04-04,,,,2740.0
3017,,1992-04-05,,,,2890.0
3018,,1992-04-06,,,,3330.0
3019,,1992-04-07,,,,3530.0
3020,,1992-04-08,,,,3400.0
3021,,1992-04-09,,,,3220.0
3022,,1992-04-10,,,,3040.0
3023,,1992-04-11,,,,2870.0
3024,,1992-04-12,,,,2700.0
3025,,1992-04-13,,,,2590.0
3026,,1992-04-14,,,,2520.0
3027,,1992-04-15,,,,2490.0
3028,,1992-04-16,,,,2440.0
3029,,1992-04-17,,,,2970.0
3030,,1992-04-18,,,,3060.0
3031,,1992-04-19,,,,3120.0
3032,114.0,1992-04-20,3.5884955999999955,149.23906492499978,4.736198448394496,3300.0
3033,,1992-04-21,,,,3510.0
3034,,1992-04-22,,,,3570.0
3035,,1992-04-23,,,,3550.0
3036,,1992-04-24,,,,3520.0
3037,,1992-04-25,,,,3450.0
3038,,1992-04-26,,,,3370.0
3039,,1992-04-27,,,,3440.0
3040,,1992-04-28,,,,3750.0
3041,,1992-04-29,,,,4370.0
3042,,1992-04-30,,,,5680.0
3043,,1992-05-01,,,,5870.0
3044,,1992-05-02,,,,5730.0
3045,,1992-05-03,,,,5900.0
3046,,1992-05-04,,,,6050.0
3047,,1992-05-05,,,,6020.0
3048,259.0,1992-05-06,4.521075599999998,190.03670477499992,5.556828061699537,5970.0
3049,,1992-05-07,,,,6020.0
3050,,1992-05-08,,,,6200.0
3051,,1992-05-09,,,,6310.0
3052,,1992-05-10,,,,6420.0
3053,,1992-05-11,,,,6370.0
3054,,1992-05-12,,,,6150.0
3055,,1992-05-13,,,,5900.0
3056,,1992-05-14,,,,5650.0
3057,,1992-05-15,,,,5340.0
3058,,1992-05-16,,,,4980.0
3059,,1992-05-17,,,,4730.0
3060,,1992-05-18,,,,4630.0
3061,,1992-05-19,,,,4530.0
3062,,1992-05-20,,,,4470.0
3063,,1992-05-21,,,,4400.0
3064,,1992-05-22,,,,4340.0
3065,,1992-05-23,,,,4320.0
3066,,1992-05-24,,,,4250.0
3067,,1992-05-25,,,,4270.0
3068,,1992-05-26,,,,4410.0
3069,,1992-05-27,,,,4510.0
3070,,1992-05-28,,,,4680.0
3071,,1992-05-29,,,,5270.0
3072,,1992-05-30,,,,6010.0
3073,,1992-05-31,,,,6390.0
3074,,1992-06-01,,,,6580.0
3075,,1992-06-02,,,,6720.0
3076,,1992-06-03,,,,6730.0
3077,,1992-06-04,,,,6690.0
3078,,1992-06-05,,,,6890.0
3079,,1992-06-06,,,,6990.0
3080,,1992-06-07,,,,6830.0
3081,,1992-06-08,,,,6560.0
3082,,1992-06-09,,,,6310.0
3083,,1992-06-10,,,,6190.0
3084,,1992-06-11,,,,6200.0
3085,,1992-06-12,,,,6320.0
3086,,1992-06-13,,,,6600.0
3087,,1992-06-14,,,,6860.0
3088,,1992-06-15,,,,6820.0
3089,,1992-06-16,,,,6930.0
3090,,1992-06-17,,,,7210.0
3091,,1992-06-18,,,,7240.0
3092,,1992-06-19,,,,7140.0
3093,,1992-06-20,,,,7020.0
3094,,1992-06-21,,,,6840.0
3095,,1992-06-22,,,,6670.0
3096,,1992-06-23,,,,6580.0
3097,,1992-06-24,,,,6580.0
3098,,1992-06-25,,,,6560.0
3099,,1992-06-26,,,,6500.0
3100,,1992-06-27,,,,6410.0
3101,,1992-06-28,,,,6350.0
3102,,1992-06-29,,,,6330.0
3103,,1992-06-30,,,,6360.0
3104,,1992-07-01,,,,6300.0
3105,,1992-07-02,,,,6220.0
3106,,1992-07-03,,,,6170.0
3107,,1992-07-04,,,,6020.0
3108,,1992-07-05,,,,5920.0
3109,,1992-07-06,,,,5780.0
3110,,1992-07-07,,,,5400.0
3111,,1992-07-08,,,,5060.0
3112,,1992-07-09,,,,4840.0
3113,,1992-07-10,,,,4730.0
3114,,1992-07-11,,,,4650.0
3115,,1992-07-12,,,,4560.0
3116,,1992-07-13,,,,4450.0
3117,,1992-07-14,,,,4320.0
3118,,1992-07-15,,,,4240.0
3119,28.0,1992-07-16,2.7564199874999993,14.13759595000002,3.332204510175204,4180.0
3120,,1992-07-17,,,,4140.0
3121,,1992-07-18,,,,4110.0
3122,,1992-07-19,,,,4000.0
3123,,1992-07-20,,,,3870.0
3124,,1992-07-21,,,,3770.0
3125,,1992-07-22,,,,3690.0
3126,,1992-07-23,,,,3670.0
3127,,1992-07-24,,,,3710.0
3128,,1992-07-25,,,,3700.0
3129,,1992-07-26,,,,3700.0
3130,,1992-07-27,,,,3660.0
3131,,1992-07-28,,,,3620.0
3132,,1992-07-29,,,,3560.0
3133,,1992-07-30,,,,3560.0
3134,,1992-07-31,,,,3460.0
3135,,1992-08-01,,,,3430.0
3136,,1992-08-02,,,,3320.0
3137,,1992-08-03,,,,3280.0
3138,,1992-08-04,,,,3280.0
3139,,1992-08-05,,,,3260.0
3140,,1992-08-06,,,,3330.0
3141,,1992-08-07,,,,3380.0
3142,,1992-08-08,,,,3400.0
3143,,1992-08-09,,,,3410.0
3144,33.0,1992-08-10,3.0703568249999975,33.80748189999973,3.4965075614664802,3360.0
3145,,1992-08-11,,,,3310.0
3146,,1992-08-12,,,,3240.0
3147,,1992-08-13,,,,3090.0
3148,,1992-08-14,,,,2930.0
3149,,1992-08-15,,,,2830.0
3150,,1992-08-16,,,,2810.0
3151,29.0,1992-08-17,2.366761349999998,-19.69570410000017,3.367295829986474,2820.0
3152,,1992-08-18,,,,2860.0
3153,,1992-08-19,,,,2910.0
3154,,1992-08-20,,,,2890.0
3155,,1992-08-21,,,,2790.0
3156,,1992-08-22,,,,2740.0
3157,,1992-08-23,,,,2720.0
3158,,1992-08-24,,,,2600.0
3159,,1992-08-25,,,,2510.0
3160,,1992-08-26,,,,2330.0
3161,,1992-08-27,,,,2200.0
3162,,1992-08-28,,,,2100.0
3163,,1992-08-29,,,,2050.0
3164,,1992-08-30,,,,2020.0
3165,,1992-08-31,,,,2030.0
3166,,1992-09-01,,,,2080.0
3167,,1992-09-02,,,,2050.0
3168,,1992-09-03,,,,1950.0
3169,,1992-09-04,,,,1910.0
3170,,1992-09-05,,,,1880.0
3171,,1992-09-06,,,,1910.0
3172,,1992-09-07,,,,1870.0
3173,,1992-09-08,,,,1980.0
3174,,1992-09-09,,,,1900.0
3175,,1992-09-10,,,,1790.0
3176,,1992-09-11,,,,1750.0
3177,,1992-09-12,,,,1770.0
3178,,1992-09-13,,,,1860.0
3179,,1992-09-14,,,,2090.0
3180,,1992-09-15,,,,2130.0
3181,,1992-09-16,,,,1950.0
3182,,1992-09-17,,,,1860.0
3183,,1992-09-18,,,,1750.0
3184,,1992-09-19,,,,1630.0
3185,,1992-09-20,,,,1610.0
3186,,1992-09-21,,,,1660.0
3187,,1992-09-22,,,,1610.0
3188,,1992-09-23,,,,1960.0
3189,,1992-09-24,,,,3010.0
3190,,1992-09-25,,,,3350.0
3191,,1992-09-26,,,,3210.0
3192,88.0,1992-09-27,4.679801475000001,180.27742777499998,4.477336814478207,3160.0
3193,,1992-09-28,,,,3290.0
3194,,1992-09-29,,,,3340.0
3195,,1992-09-30,,,,3220.0
3196,,1992-10-01,,,,2910.0
3197,,1992-10-02,,,,2670.0
3198,,1992-10-03,,,,2540.0
3199,,1992-10-04,,,,2430.0
3200,,1992-10-05,,,,2370.0
3201,,1992-10-06,,,,2290.0
3202,,1992-10-07,,,,2240.0
3203,,1992-10-08,,,,2260.0
3204,,1992-10-09,,,,2180.0
3205,,1992-10-10,,,,2100.0
3206,,1992-10-11,,,,1980.0
3207,,1992-10-12,,,,1900.0
3208,,1992-10-13,,,,1880.0
3209,,1992-10-14,,,,1940.0
3210,,1992-10-15,,,,2010.0
3211,,1992-10-16,,,,1970.0
3212,,1992-10-17,,,,1800.0
3213,,1992-10-18,,,,1740.0
3214,,1992-10-19,,,,1790.0
3215,,1992-10-20,,,,1820.0
3216,,1992-10-21,,,,2160.0
3217,,1992-10-22,,,,2160.0
3218,,1992-10-23,,,,2250.0
3219,,1992-10-24,,,,2630.0
3220,,1992-10-25,,,,2960.0
3221,,1992-10-26,,,,3000.0
3222,,1992-10-27,,,,3430.0
3223,,1992-10-28,,,,4120.0
3224,,1992-10-29,,,,4130.0
3225,,1992-10-30,,,,3800.0
3226,,1992-10-31,,,,3380.0
3227,,1992-11-01,,,,3140.0
3228,,1992-11-02,,,,2970.0
3229,,1992-11-03,,,,2730.0
3230,,1992-11-04,,,,2610.0
3231,,1992-11-05,,,,2550.0
3232,,1992-11-06,,,,2460.0
3233,,1992-11-07,,,,2520.0
3234,,1992-11-08,,,,2630.0
3235,,1992-11-09,,,,2510.0
3236,,1992-11-10,,,,2460.0
3237,,1992-11-11,,,,2410.0
3238,,1992-11-12,,,,2300.0
3239,,1992-11-13,,,,2230.0
3240,,1992-11-14,,,,2140.0
3241,,1992-11-15,,,,2110.0
3242,,1992-11-16,,,,2040.0
3243,,1992-11-17,,,,2040.0
3244,,1992-11-18,,,,2080.0
3245,,1992-11-19,,,,2080.0
3246,,1992-11-20,,,,2080.0
3247,,1992-11-21,,,,1950.0
3248,,1992-11-22,,,,2050.0
3249,,1992-11-23,,,,2000.0
3250,,1992-11-24,,,,1970.0
3251,,1992-11-25,,,,1820.0
3252,,1992-11-26,,,,1660.0
3253,,1992-11-27,,,,1620.0
3254,,1992-11-28,,,,1730.0
3255,,1992-11-29,,,,1660.0
3256,,1992-11-30,,,,1730.0
3257,,1992-12-01,,,,1710.0
3258,,1992-12-02,,,,1660.0
3259,,1992-12-03,,,,1640.0
3260,,1992-12-04,,,,1520.0
3261,,1992-12-05,,,,1430.0
3262,,1992-12-06,,,,1310.0
3263,,1992-12-07,,,,1270.0
3264,,1992-12-08,,,,1210.0
3265,,1992-12-09,,,,1270.0
3266,,1992-12-10,,,,1260.0
3267,,1992-12-11,,,,1310.0
3268,,1992-12-12,,,,1290.0
3269,,1992-12-13,,,,1290.0
3270,,1992-12-14,,,,1400.0
3271,,1992-12-15,,,,1350.0
3272,,1992-12-16,,,,1280.0
3273,,1992-12-17,,,,1290.0
3274,,1992-12-18,,,,1190.0
3275,,1992-12-19,,,,1160.0
3276,,1992-12-20,,,,1160.0
3277,,1992-12-21,,,,1020.0
3278,,1992-12-22,,,,1120.0
3279,,1992-12-23,,,,1230.0
3280,,1992-12-24,,,,1400.0
3281,,1992-12-25,,,,1200.0
3282,,1992-12-26,,,,1130.0
3283,,1992-12-27,,,,1060.0
3284,,1992-12-28,,,,975.0
3285,,1992-12-29,,,,931.0
3286,,1992-12-30,,,,850.0
3287,,1992-12-31,,,,820.0
